fips_n,state_code,county_code,year,Gini_index,percent_65_older,male_household,female_household,landline_phone, Employment_Employed,speaks_english,speaks_other,two_races_income ,American_Indian_Income,Hispanic_Income,White_Income,Black_Income,Asian_Income,Household_Income, Education_High_School, Education_Bachelor, Employment_Unemployed,Count_ Employment_Potential, Employment_Potential, American_Indian_Pop, Hispanic_Pop, Asian_Pop, White_Pop, Black_Pop, Two_Races_Pop
1003,1,3,2000,,15.4,28488,14483,,57.1,96,0,,,40278,42509,23797,39632,,0.3,,2.6,110146,,,0.02,0,87,10,
1053,1,53,2000,,13.4,21825,11705,,48.3,97.6,0,,,30667,33313,18410,26000,,0.35,,3.6,30231,,,0.01,0,64,31,
1097,1,97,2000,,12,25621,12832,,54.5,95.4,0,,,32128,40746,21008,32886,,0.32,,4.5,302302,,,0.01,0.01,63,33,
1099,1,99,2000,,13.9,22826,11105,,50.3,98,0,,,28611,35069,18761,30909,,34,,4.6,18231,,,0.01,0,58,40,
12005,12,5,2000,,13.3,26006,14393,,55.6,93.6,0.34,,,34508,37843,24622,35810,,30.55,,2.9,116721,,,2.42,1.81,84.18,10.64,
12013,12,13,2000,,13.8,20375,11232,,44.3,94.4,0.24,,,20556,28424,15505,33000,,38.55,,3.1,225.52,,,3.78,0.58,79.87,15.8,
12015,12,15,2000,,34.7,26263,13903,,41.5,91.8,0.4,,,34305,37085,31584,38200,,35.68,,1.5,122147,,,3.3,0.88,92.59,4.39,
12017,12,17,2000,,32.3,23082,11935,,38.6,93.4,0.23,,,26593,31617,26686,45588,,38.03,,2.8,100339,,,2.66,0.79,95.05,2.36,
12021,12,21,2000,,24.4,30636,18303,,50.9,74.9,0.4,,,36356,50384,30121,50962,,26.22,,1.9,206964,,,19.61,0.69,86.06,4.54,
12029,12,29,2000,,17,19811,10470,,41.3,95.6,0.24,,,18500,26951,17907,33333,,39.31,,3.3,241.84,,,1.8,0.28,88.81,8.98,
12033,12,33,2000,,13.3,25301,14208,,51.7,93.2,0.23,,,34785,39426,23484,35245,,28.33,,3.7,233100,,,2.7,2.33,72.35,21.4,
12037,12,37,2000,,16,20850,11266,,42.4,94.9,0.27,,,24444,28447,16226,28333,,36.19,,1.6,9307,,,2.42,0.22,81.24,16.32,
12045,12,45,2000,,16.3,22378,12096,,43.3,95.5,0.13,,,32778,32811,22698,32857,,37.18,,2.8,10793,,,2.03,0.44,79.89,16.94,
12053,12,53,2000,,30.9,23968,12272,,40.3,90.7,0.37,,,30403,33228,27979,32451,,37.69,,2.2,109074,,,5.04,0.66,92.85,4.08,
12057,12,57,2000,,12,26884,17510,,61.6,79.1,0.45,,,33898,44476,29077,44802,,26.66,,3.7,773621,,,17.99,2.27,75.17,14.96,
12063,12,63,2000,,14.6,21323,13085,,46,95.6,0.36,,,26471,32881,21954,31471,,32.75,,2.8,218.05,,,2.91,0.39,70.18,26.56,
12065,12,65,2000,,14.5,19829,15140,,53.4,96.9,0,,,28182,42419,21331,36369,,32.22,,2.7,186.75,,,2.25,0.34,59.27,38.34,
12071,12,71,2000,,25.4,27332,16287,,51.3,86.5,0.29,,,33693,42160,26060,42039,,32.53,,2,364234,,,9.54,0.82,87.69,6.59,
12075,12,75,2000,,17.9,20552,12426,,47.2,93.9,0.08,,,22083,28574,17647,30476,,38.2,,3.1,211.72,,,3.89,0.4,85.88,10.97,
12081,12,81,2000,,24.9,27171,16410,,52,87.7,0.3,,,31759,40136,29188,43056,,31.86,,1.9,215389,,,9.3,0.95,86.36,8.19,
12087,12,87,2000,,14.5,27403,18591,,60.9,78.6,0.19,,,34748,44262,35417,45028,,28.82,,2,164.27,,,15.77,0.87,90.65,4.77,
12091,12,91,2000,,12.1,29235,15086,,53.9,92.1,0.13,,,36278,43531,32685,38022,,27.15,,2.7,133299,,,4.28,2.6,83.41,9.1,
12101,12,101,2000,,26.8,23491,13665,,47.5,89.7,0.44,,,35059,33356,29955,41220,,36.78,,2.3,283094,,,5.69,0.98,93.7,2.07,
12103,12,103,2000,,22.6,26480,17191,,55.7,88,0.51,,,34590,38732,26550,41089,,29.63,,2.5,764188,,,4.64,2.11,85.85,8.96,
12113,12,113,2000,,11,30039,14178,,55.1,94.7,0.15,,,38428,43579,26985,39765,,29.17,,3.1,90263,,,2.52,1.38,90.73,4.25,
12115,12,115,2000,,31.4,29464,17442,,48.6,89.5,0.46,,,36938,43348,24452,45359,,30.07,,1.9,279389,,,4.34,0.8,92.65,4.18,
12123,12,123,2000,,13.8,23247,11036,,49.1,95.7,0.24,,,32250,32597,17870,29000,,40.98,,2.9,203.38,,,1.53,0.46,77.84,19.04,
12129,12,129,2000,,10.2,25643,17077,,60,95.7,0.2,,,27000,39093,22464,37308,,34.94,,2.4,166.59,,,1.94,0.28,86.1,11.51,
12131,12,131,2000,,15.8,22430,13085,,52.4,94.9,0.16,,,35890,33908,19308,31786,,32.41,,2.4,32834,,,2.17,0.5,88.41,6.98,
22023,22,23,2000,,10.5,25138,10198,,55.4,85.6,0,,,27500,35613,13594,42500,,42.77,,2.6,7511,,,2.15,0.46,93.65,3.88,
22045,22,45,2000,,11.4,23039,10274,,51.1,84.2,0.03,,,29740,37143,17844,32727,,38.57,,5.2,53819,,,1.5,1.95,65.08,30.81,
22051,22,51,2000,,11.9,27317,15434,,60,87,0.47,,,35775,42763,27044,42078,,30.01,,3.6,353612,,,7.12,3.12,69.82,22.86,
22057,22,57,2000,,11.2,27080,10701,,54.4,78.5,0.03,,,31682,37929,15927,35957,,38,,3.4,68319,,,1.43,0.69,82.85,12.61,
22071,22,71,2000,,11.7,20621,12833,,51.8,91.7,0.25,,,28973,40835,22051,31418,,23.45,,5.5,369992,,,3.06,2.29,28.05,67.25,
22075,22,75,2000,,9.9,26554,11828,,50.3,92,0.07,,,38958,43669,21018,30000,,34.22,,3.6,19864,,,1.62,2.63,69.77,23.39,
22087,22,87,2000,,13.7,26054,13541,,56,92.7,0.39,,,29629,37497,22798,33182,,37.88,,3.4,52302,,,5.1,1.34,88.29,7.62,
22101,22,101,2000,,11.1,23932,10617,,51,90,0.19,,,34778,33655,17106,31293,,38.35,,4.8,39491,,,2.15,1.66,62.79,31.79,
22103,22,103,2000,,10,32291,15426,,61.6,94.7,0.11,,,46427,50535,28351,58482,,26.53,,2.5,143320,,,2.48,0.77,87.03,9.9,
22109,22,109,2000,,9.6,25660,11030,,53.2,86.8,0.01,,,28314,39447,20921,36055,,35.86,,3.3,77622,,,1.56,0.82,74.07,17.79,
22113,22,113,2000,,13.6,23721,10241,,52.1,72.1,0.04,,,29114,32267,13747,30833,,38.04,,3.9,40517,,,1.38,1.83,82.68,14.17,
28045,28,45,2000,,14,25726,12685,,52.4,95.6,0,,,31927,36345,24565,34464,,29,,3.9,33430,,,0.02,0.01,90,7,
28047,28,47,2000,,11.1,24295,15077,,56.3,93.3,0,,,34077,39004,25391,35867,,28,,3.6,145704,,,0.03,0.03,73,21,
28059,28,59,2000,,10.3,27895,14135,,57.1,94.9,0,,,36492,42473,28690,43720,,32,,4.1,99272,,,0.02,0.02,75,21,
48007,48,7,2000,,19.9,23926,11267,,47.8,81.7,0.28,,,25000,32200,17576,20652,,29.14,,3.8,17819,,,20.32,2.82,87.44,1.43,
48039,48,39,2000,,8.8,32819,16937,,59.2,78.7,0.3,,,37071,51529,37686,70107,,27.22,,3.4,180455,,,22.78,2.03,77.09,8.5,
48057,48,57,2000,,13.4,26489,11812,,53.6,67.2,0.09,,,29173,37560,13609,56522,,33.13,,4.3,15401,,,40.92,3.34,78.04,2.63,
48061,48,61,2000,,11.2,15848,9844,,46.5,21,0.09,,,23137,27230,27793,42847,,20.14,,6,234248,,,84.34,0.51,80.29,0.48,
48071,48,71,2000,,8.9,34568,15121,,60.5,88.3,0.09,,,35189,51007,26884,53571,,32.46,,3.2,19420,,,10.8,0.67,81.88,9.77,
48167,48,167,2000,,11,30381,16880,,59.8,82.8,0.23,,,33170,49499,23729,45665,,26.42,,4.3,190927,,,17.96,2.15,72.69,15.44,
48201,48,201,2000,,7.4,27985,18132,,61.3,63.8,0.87,,,32673,51217,30628,46956,,21.64,,4.2,2521193,,,32.93,5.2,58.73,18.49,
48239,48,239,2000,,15.7,26813,11459,,55.2,81,0,,,24610,40214,22660,40769,,34.52,,2.9,10938,,,24.68,0.45,76.49,7.64,
48245,48,245,2000,,13.6,25481,13477,,51.1,86.8,0.2,,,32446,42362,22681,37506,,33.13,,4.5,194344,,,10.53,2.92,57.24,33.74,
48261,48,261,2000,,11.6,16442,8563,,61.5,14.6,0,,,22571,28158,20000,0,,21.74,,4.3,306,,,78.99,0.48,64.49,0.73,
48273,48,273,2000,,10.9,19695,10328,,51.7,44.7,0.08,,,23733,31301,14962,29412,,23.09,,6.1,23938,,,65.41,1.57,71.87,3.7,
48321,48,321,2000,,12.9,23832,11690,,53.7,73.4,0.09,,,26566,39287,17099,30286,,31.05,,4.9,27938,,,31.35,2.42,67.83,12.72,
48355,48,355,2000,,11.2,23597,12750,,56.1,57.1,0.11,,,30061,39483,24054,43116,,25.04,,4.6,234683,,,55.78,1.23,72.03,4.24,
48391,48,391,2000,,16.9,23367,10730,,53.6,67.8,0.08,,,23012,31789,17857,20000,,32.53,,2.8,6038,,,44.58,0.35,80.23,6.77,
48409,48,409,2000,,10.4,23699,11398,,49.6,60.9,0.13,,,27184,37471,36550,38913,,29.82,,3.9,48672,,,49.42,0.75,76.76,2.81,
48469,48,469,2000,,11.8,27179,13338,,61.8,73,0.04,,,31475,42223,25196,48897,,29.13,,3,62440,,,39.2,0.82,74.22,6.3,
48489,48,489,2000,,11.8,13730,8524,,41.4,21.9,0.03,,,20988,22810,20000,23333,,24.33,,6.6,14457,,,85.69,0.14,70.37,2.19,
1003,1,3,2010,0.439,16.5,36132,23653,79,94,94.53,0,52188,40139,36157,60096,33421,76478,56582,0.3,0.17,0.06,145255,174.35,0.01,0.04,0.01,86,9,0.01
1053,1,53,2010,0.464,14.6,17344,17688,77,91,98.42,0,42500,29467,29583,44140,23175,88158,36722,0.37,0.07,0.09,30694,219.67,0.03,0.02,0,62,32,0.02
1097,1,97,2010,0.473,12.6,30790,19529,77,92,95.17,0,52418,45273,45245,56896,28934,48292,46008,0.34,0.13,0.08,321052,177.04,0.01,0.02,0.02,60,35,0.01
1099,1,99,2010,0.483,14.9,21365,14765,77,90,97.66,0,49423,42500,77500,48336,19190,32000,33199,40,8,10,17998,205.06,0.01,0.01,0,55,42,1
12005,12,5,2010,0.416,14.1,37654,27144,77.39,93.35,92.29,0.54,52029,62907,53293,56573,33358,43398,53712,31.17,12.94,6.42,135968,172.78,0.68,4.8,2.08,82.16,10.77,3.1
12013,12,13,2010,0.441,15.8,30884,14335,77.42,91.39,93.6,0,13945,90909,25857,36678,31286,47500,36295,39.83,7.44,8.34,10370,12251,1.13,5.16,0.59,80.81,13.75,2.37
12015,12,15,2010,0.432,32.8,33006,22967,81.62,90.81,90.72,0.42,41780,81875,39106,51589,42884,47139,50806,36.03,13.02,8.89,139943,236.49,0.26,5.76,1.23,90.05,5.68,1.67
12017,12,17,2010,0.434,31,27045,20965,80.94,89.6,93.47,0.14,38495,71591,40050,44440,48423,65108,44776,38.22,10.86,10.09,121656,255.27,0.34,4.66,1.44,93,2.82,1.61
12021,12,21,2010,0.522,25.1,44390,34508,80.95,93.19,69.37,0.22,60417,79365,43300,69817,42895,75855,66939,27.96,18.95,6.54,265757,194.61,0.35,25.87,1.13,83.85,6.56,1.92
12029,12,29,2010,0.41,18.4,20663,16522,78.27,91.98,96.29,0,14362,88636,23889,38135,19178,82692,37301,41.23,2.91,7.71,11146,14438,0.42,3.12,0.3,88.81,8.44,1.5
12033,12,33,2010,0.456,14.1,32822,24144,77.13,91.01,91.81,0.17,38019,52168,45711,56043,29701,51877,48718,29.36,15.41,8.66,240829,187.78,0.88,4.72,2.89,68.88,22.94,3.15
12037,12,37,2010,0.478,16.5,20920,16950,78.59,90.1,93.1,0.03,85000,87500,75000,44781,21341,45000,43600,38.39,11.05,9.6,9783,207.66,0.5,4.58,0.29,82.6,13.76,1.7
12045,12,45,2010,0.419,15.8,31250,21525,78.68,90.68,94.66,0.26,100000,65625,58333,50932,26320,86719,47740,39.25,6.69,9.05,13600,236.98,0.4,4.27,0.32,78.07,18.67,1.8
12053,12,53,2010,0.42,25.5,29646,22388,80.8,89.76,89.01,0.41,50865,80380,40961,48772,39733,69524,48382,38.2,10.85,10.06,142642,227.32,0.35,10.3,1.12,89.48,5.1,2.03
12057,12,57,2010,0.467,11.6,38809,29319,76.56,92.63,74.59,0.67,54373,77318,42404,62840,39493,58411,57099,28.08,19.05,7.16,967431,159.8,0.39,24.95,3.5,71.28,16.68,3.15
12063,12,63,2010,0.429,15.5,20408,19797,77.65,91.28,95.09,0.14,32836,60294,37667,47711,25560,59091,43070,34.76,8.45,8.45,37600,42049,0.67,4.31,0.58,69.1,26.6,1.85
12065,12,65,2010,0.43,17.2,30972,22216,78.2,89.06,93.48,0,65278,15893,56000,58893,31463,82500,48783,37.78,10.43,10.58,10335,12293,0.25,3.7,0.42,60.38,36.18,1.28
12071,12,71,2010,0.471,22.5,38956,28656,80.22,92.08,78.99,0.39,60227,78205,44341,61344,40894,65762,59270,31.94,16.46,7.68,510883,187.66,0.35,18.31,1.43,82.99,8.25,2.08
12075,12,75,2010,0.441,18.5,23413,15810,78.45,92.17,93.45,0.02,40769,61250,34037,42991,27544,73958,41650,38.63,9.54,7.58,27308,34214,0.42,7.47,0.62,85.48,9.39,1.94
12081,12,81,2010,0.459,22.7,36734,26076,79.66,92.66,83.94,0.39,50079,78929,40778,58745,36957,61804,55973,31.7,16.46,7.05,264077,185.21,0.32,14.85,1.7,81.88,8.74,2.01
12087,12,87,2010,0.505,16,41206,36345,78.68,95.69,77.57,0.15,60197,82547,47325,65164,44510,65374,63969,27.93,19.24,4.17,67570,71121,0.4,20.62,1.2,89.49,5.74,1.78
12091,12,91,2010,0.43,13.3,41215,27888,77.54,94.1,91.09,0.21,63174,59167,46960,65024,46886,32879,62480,27.2,17.22,5.69,144886,175.23,0.59,6.8,3.14,81.06,9.29,3.93
12101,12,101,2010,0.429,20.7,31532,23559,79.61,91.54,86.85,0.39,60479,78307,50125,49653,59315,62785,50766,35.9,13.69,8.26,377242,194.28,0.35,11.74,2.17,88.18,4.45,2.25
12103,12,103,2010,0.464,20.9,34928,27541,78.63,93.5,87.17,0.38,51625,80801,43235,53720,34125,49020,51222,30.3,17.83,6.26,772788,179.59,0.32,7.99,3.05,82.14,10.34,2.18
12113,12,113,2010,0.403,12.3,36696,26530,78.3,91.91,92.99,0.4,61270,56429,64489,63696,40226,59433,62414,30.13,16.14,7.83,119677,178.88,0.86,4.3,1.97,87.81,5.42,2.97
12115,12,115,2010,0.483,30.2,36625,28070,81.11,92.13,87.61,0.44,60577,79917,41120,58495,39133,69723,57606,30.53,17.89,7.55,326874,204.93,0.25,7.91,1.33,90.15,4.69,1.58
12123,12,123,2010,0.44,15.1,26615,16967,77.75,88.34,95.78,0.04,39947,89205,82880,44718,17273,77976,42053,41.48,6.06,11.31,15101,19293,0.8,3.44,0.7,75.16,20.69,1.74
12129,12,129,2010,0.382,11.2,33922,21462,77.54,92.95,96.37,0.26,68542,27667,55233,61281,28333,43906,58878,37.29,9.65,6.8,17736,26558,0.62,3.3,0.62,81.96,14.5,1.82
12131,12,131,2010,0.483,15.6,30656,25222,78.44,91.83,92.96,0.34,39191,103448,66901,54873,20945,61089,53195,29.12,17.32,7.94,45020,186.23,0.89,5.31,1.01,87.84,5.77,2.36
22023,22,23,2010,0.411,12.7,42063,22833,77.93,99.27,90.02,0,80000,15000,72917,69670,38125,87500,69636,44.88,12.7,0.73,5396,146.19,0.53,2.25,0.09,95.72,1.74,1.08
22045,22,45,2010,0.459,11.9,29230,17111,77.23,93.22,86.36,0.19,42895,74265,47220,56692,23769,72270,45981,42.4,9.41,7.07,55744,177.47,0.37,3.14,2.42,62.19,32,1.55
22051,22,51,2010,0.458,13.3,36551,25931,77.28,93.56,84.57,0.83,57228,71543,43538,62643,37326,51568,54632,32.34,15.64,6.82,346130,166.98,0.47,12.42,3.9,62.91,26.33,2.13
22057,22,57,2010,0.461,12.1,38185,16967,77.52,96.27,80.57,0.02,73454,48619,46772,58486,22687,77500,53038,38.45,10.29,3.87,75423,175.61,2.81,3.79,0.77,79.37,13.23,1.8
22071,22,71,2010,0.541,11.2,30572,24210,74.76,88.38,90.31,0.28,71392,85389,44305,67779,30702,53407,43481,27.14,17.69,11.97,278719,184.55,0.3,5.25,2.94,32.99,60.17,1.72
22075,22,75,2010,0.411,10.8,29488,21304,78.38,93.48,92.6,0.12,83468,46842,55743,65558,40085,57065,59848,34.52,9.8,6.82,17459,189.13,1.61,4.63,3.31,70.51,20.46,2.71
22087,22,87,2010,0.416,10.4,26719,24740,78.36,91.38,92.07,0.2,66146,81452,53571,45370,32447,58446,44261,40.85,7.79,9.01,27703,189.89,0.72,9.22,1.98,74.04,17.69,2.91
22101,22,101,2010,0.437,12.7,36471,18658,77.19,93.8,90.6,0.08,55769,57176,31676,52240,29341,54508,44874,36.89,7.52,6.46,42311,174.61,1.82,5.34,1.79,59.3,32.51,1.97
22103,22,103,2010,0.441,12.1,40707,26707,78.73,95.03,93.91,0.11,53839,75383,60619,71693,44607,64868,68346,27.79,20.71,5.19,180549,168.44,0.5,4.69,1.31,83.58,11.4,1.82
22109,22,109,2010,0.449,11,36504,19910,77.56,94.96,87.98,0.26,42868,36555,47903,62809,31210,62852,53725,39.25,10.01,5.27,86034,173.03,5.67,3.95,1.07,70.26,18.9,2.12
22113,22,113,2010,0.454,13,23602,17179,77.41,96.08,77.35,0,47500,84191,44457,50877,23201,72529,46990,44.33,8.49,4.06,44233,178.22,0.36,2.38,2.01,80.9,14.29,1.4
28045,28,45,2010,0.426,14.4,31508,21958,79,93,96.4,0,38309,65385,75000,52284,28419,50000,48657,32,13,8,34607,191.99,0,0.03,0.01,88,7,2
28047,28,47,2010,0.444,11.5,35109,25263,77,91,92.74,0,62853,73633,46606,58282,32467,34019,51561,30,12,9,146411,181.38,0,0.05,0.03,70,22,3
28059,28,59,2010,0.441,11.9,36006,20853,78,91,94.3,0,54440,82639,46917,62109,33567,50149,55338,34,12,9,108476,178.96,0,0.05,0.02,72,22,2
48007,48,7,2010,0.47,23,36875,17799,79.37,91.94,81.82,0,61000,16316,23697,49942,28929,76974,47882,31.21,16.16,8.33,19196,212.18,0.74,24.57,2,87.36,1.31,2.26
48039,48,39,2010,0.416,9.3,41755,32318,77.73,95.01,75.22,0.39,53984,77892,52729,71923,72778,86937,70886,25.25,17.59,5.31,235595,160.95,0.57,27.67,5.53,70.06,12.06,2.63
48057,48,57,2010,0.436,14.4,29339,23053,77.86,93.44,73.74,0,21719,60714,37955,49975,41923,67005,49708,33.12,10.75,6.72,16338,175.02,0.49,46.41,4.47,81.53,2.64,2.06
48061,48,61,2010,0.492,10.9,23645,13951,77.31,93.15,26.32,0.05,45433,78306,30777,34224,78363,70962,34194,24.04,9.94,7.25,285720,198.87,0.42,88.07,0.69,87,0.53,1.54
48071,48,71,2010,0.384,9.5,34327,24104,78.71,95.34,84.17,0.43,52754,83333,51808,76626,38652,127841,70808,30.52,10.9,4.84,26269,157.17,0.62,18.91,1.03,78.59,8.18,2.12
48167,48,167,2010,0.449,11.1,41967,26010,77.74,93.73,81.54,0.28,63997,76082,45420,73119,34930,66604,65503,26.19,17.56,6.6,225413,160.44,0.6,22.41,3.03,72.46,13.77,2.71
48201,48,201,2010,0.488,7.9,41101,32397,76.14,93.34,58.25,0.88,59371,74375,41047,70106,40087,57757,57801,24.2,18.32,6.99,3064573,155.12,0.68,40.84,6.26,56.65,18.95,3.21
48239,48,239,2010,0.457,16,32656,21159,78.17,93.9,77.03,0,58929,63636,43128,64722,25968,83654,58718,32.09,11.92,6.3,10868,168.03,0.4,28.98,0.36,81.32,7.02,2.1
48245,48,245,2010,0.468,12.8,32408,20419,77.31,92.37,83.01,0.26,56494,76938,40381,60040,31022,53682,47540,32.76,12.88,7.95,198715,185.26,0.55,17.01,3.45,52.16,33.81,1.97
48261,48,261,2010,0.417,20.7,6094,17917,77.08,78.77,63.88,0,87500,62500,18000,27500,62500,87500,37679,11.16,9.56,21.74,327,227.08,1.44,76.68,0.24,87.5,1.2,2.88
48273,48,273,2010,0.493,11.4,16618,17711,75.11,91.24,49.59,0.07,45061,72222,33644,43791,13606,36786,42064,26.67,14.07,9.17,24824,187.41,0.61,70.16,2.46,79.9,3.75,2.38
48321,48,321,2010,0.469,13.9,30225,21057,77.17,90.22,73.14,0.14,27000,79514,33260,55992,23369,35857,47711,32.52,11.03,10.11,28240,177.02,0.7,38.35,1.98,71.21,11.44,2.32
48355,48,355,2010,0.472,11.7,32370,21800,77.14,92.54,59.3,0.15,44240,70897,38559,50848,32868,55314,48512,27.52,12.45,7.44,261606,172.1,0.63,60.63,1.76,81.54,4.01,2.43
48391,48,391,2010,0.421,18.4,21326,19375,78.42,93.65,69.65,0,35000,62500,30696,45765,24265,69791,42242,33.22,6.93,6.55,5825,228.16,0.57,47.23,0.45,80.5,6.54,1.99
48409,48,409,2010,0.436,12.2,30827,20021,77.51,93.39,64,0.04,57863,55313,38301,53213,57181,57292,51533,30.09,11.24,6.82,48589,181.32,0.6,54.39,0.92,85.89,1.65,2.42
48469,48,469,2010,0.447,13.1,35570,21938,77.63,93.47,74.35,0.17,60364,75521,37444,56095,34554,73913,52367,30.3,11.85,6.78,66052,161.1,0.58,43.91,1.06,79.51,6.35,2.41
48489,48,489,2010,0.545,11.8,11542,12857,78.16,94.07,51.4,0.2,67500,76944,24253,25321,53571,10781,25470,27.98,6.08,6.15,16826,297.38,0.28,87.18,0.66,85.82,2.14,1.84
1003,1,3,2011,0.437,16.7,36771,24732,75,94,,0,52134,39953,36099,60120,33410,77083,56596,0.3,0.18,0.06,147663,173.97,0.01,0.04,0.01,86,9,0.02
1053,1,53,2011,0.4606,14.8,18833,15630,73,91,,0,42250,29195,29400,44143,23137,88158,36688,0.37,0.07,0.09,30894,219.12,0.03,0.02,0,62,32,0.02
1097,1,97,2011,0.4709,12.8,31717,20398,72,92,,0,52475,45009,45463,56905,28992,50136,46009,0.34,0.13,0.08,319744,177.14,0.01,0.03,0.02,60,35,0.02
1099,1,99,2011,0.4841,15.2,21559,15714,73,90,,0,50000,42181,77500,48336,19282,32778,33246,40,8,10,18024,204.75,0.01,0.01,0,55,42,2
12005,12,5,2011,0.4177,14.4,37521,28712,72.82,93.35,,0.54,51829,62810,53771,56567,33411,44898,53740,30.96,13.09,6.65,137702,173.79,0.69,4.94,2.13,81.99,10.77,3.18
12013,12,13,2011,0.4374,15.6,32015,14266,73.53,91.39,,0,13929,91250,25909,36567,31179,47500,36154,39.77,7.59,8.61,11869,251.25,1.14,5.27,0.6,80.77,13.68,2.42
12015,12,15,2011,0.433,33.6,32833,24056,77.6,90.81,,0.42,41701,81875,39672,51620,42882,48288,50856,35.77,13.18,9.19,141792,238.24,0.26,5.92,1.26,89.96,5.68,1.71
12017,12,17,2011,0.439,31.5,26759,21895,77.44,89.6,,0.15,38357,71591,40459,44404,48423,67123,44756,38.02,11,10.4,123751,257.25,0.34,4.77,1.47,92.92,2.82,1.65
12021,12,21,2011,0.5351,25.9,44321,34571,77.24,93.19,,0.21,59866,79300,44002,69769,42826,76477,66925,27.87,19.14,6.81,273944,195.8,0.34,25.82,1.12,84.2,6.59,1.83
12029,12,29,2011,0.4195,19,20142,16296,76.9,91.98,,0,14362,88636,23889,38078,19247,82692,37255,41.21,2.94,8.02,13635,245.59,0.42,3.22,0.31,88.76,8.43,1.54
12033,12,33,2011,0.4584,14.3,32806,24487,73.03,91.01,,0.16,37851,51869,46267,56138,29709,53890,48779,30.12,15.02,8.99,244986,188.55,0.88,4.78,2.77,68.83,23.17,3.14
12037,12,37,2011,0.4721,17,17074,20273,73.48,90.1,,0.03,85000,87500,75000,44753,21341,45000,43563,38.35,11.21,9.9,9874,209.15,0.51,4.73,0.28,82.57,13.71,1.75
12045,12,45,2011,0.4008,16.5,30919,21875,75.4,90.68,,0.26,98913,65625,58333,51005,26270,86719,47843,39.12,6.8,9.32,13758,238.81,0.4,4.41,0.32,78.11,18.57,1.85
12053,12,53,2011,0.4158,25.5,30613,22442,76.54,89.76,,0.41,50413,80380,41490,48757,39735,71034,48373,38.5,10.75,10.24,145778,225.88,0.35,10.5,1.12,89.48,5.2,2.04
12057,12,57,2011,0.4697,11.7,38797,29453,71.85,92.63,,0.64,53808,77314,43031,62825,39510,60816,57159,28.21,19.07,7.37,982828,159.72,0.39,25.28,3.46,71.4,16.87,3.13
12063,12,63,2011,0.4415,15.7,19675,17347,72.46,91.28,,0.15,32803,60294,38511,47717,25560,60227,43100,34.67,8.55,8.72,40993,234.54,0.68,4.43,0.59,69,26.59,1.9
12065,12,65,2011,0.42,16.1,31368,30043,75.14,89.06,,0,65385,15893,56000,58894,31423,82500,48810,37.64,10.6,10.94,12316,194.14,0.25,3.81,0.42,60.29,36.2,1.32
12071,12,71,2011,0.4734,23,39122,28557,75.4,92.08,,0.4,59835,78115,44939,61302,40864,67286,59269,32.1,16.65,7.93,524817,188.71,0.35,18.57,1.45,82.97,8.35,2.12
12075,12,75,2011,0.448,18.8,22745,16919,75.32,92.17,,0.02,39615,61250,34444,42955,27604,75000,41630,38.46,9.69,7.83,33183,203.18,0.41,7.69,0.63,85.37,9.37,2
12081,12,81,2011,0.4574,23,36790,26159,75.41,92.66,,0.37,49744,78839,41406,58724,36877,63556,55948,31.51,16.42,7.34,273047,186.34,0.32,14.97,1.72,82,8.77,2.07
12087,12,87,2011,0.5009,16.5,41632,36317,75.12,95.69,,0.15,60268,82547,47931,65156,44488,66860,63981,27.72,19.47,4.31,63315,163.95,0.41,21.35,1.23,89.35,5.76,1.83
12091,12,91,2011,0.4296,13.6,40402,29123,73,94.1,,0.22,62772,59286,47452,65033,46880,34145,62509,27.57,16.73,5.9,145513,174.86,0.59,6.96,3.18,80.94,9.27,4.11
12101,12,101,2011,0.4344,20.7,30761,23909,75.16,91.54,,0.38,59894,78307,50924,49632,59523,64732,50764,35.36,13.84,8.46,390223,195.37,0.34,11.81,2.19,88.27,4.51,2.27
12103,12,103,2011,0.4687,21.1,34550,28187,74.47,93.5,,0.4,51293,80801,43711,53720,34118,50875,51255,30.6,17.96,6.5,783172,179.68,0.31,8.12,3.05,82.16,10.39,2.19
12113,12,113,2011,0.4075,12.6,37981,27819,74.59,91.91,,0.41,60917,56341,65248,63682,40207,61279,62432,29.88,16.32,8.09,121105,179.99,0.88,4.42,2.02,87.64,5.41,3.06
12115,12,115,2011,0.483,30.7,35862,29872,76.99,92.13,,0.42,60513,79917,41702,58489,39099,71412,57612,30.55,17.92,7.87,333401,206.17,0.25,8.08,1.32,90.2,4.7,1.63
12123,12,123,2011,0.4334,15.7,26938,16620,74.75,88.34,,0.04,39728,89286,83239,44743,17521,77976,42095,41.35,6.13,11.66,18656,215.15,0.82,3.55,0.71,75.05,20.7,1.8
12129,12,129,2011,0.3835,11,34192,22985,74.1,92.95,,0.25,68103,27667,55233,61283,28129,45345,58891,37.13,9.82,7.05,24664,178.34,0.63,3.32,0.63,81.97,14.42,1.87
12131,12,131,2011,0.4757,15.8,29539,28513,74.42,91.83,,0.34,39071,103017,67465,54878,20941,62708,53206,28.96,17.53,8.17,45983,187.1,0.9,5.41,1.03,87.75,5.73,2.42
22023,22,23,2011,0.3974,11.6,41583,25755,74.24,99.27,,0,80000,15000,72917,69589,32500,87500,69545,44.72,12.85,0.73,5122,145.68,0.54,2.45,0.09,95.64,1.73,1.13
22045,22,45,2011,0.4678,12.1,31250,16453,73.01,93.22,,0.18,42895,74265,47535,56774,23887,74282,46062,42.42,9.61,6.78,55720,176.02,0.37,3.27,2.47,62.23,31.83,1.58
22051,22,51,2011,0.4632,13.5,36856,26132,73.59,93.56,,0.85,56967,71543,44152,62715,37346,54204,54635,32.04,15.78,6.44,351803,165.13,0.47,12.58,3.9,62.59,26.43,2.21
22057,22,57,2011,0.4716,12.3,40161,16088,73.03,96.27,,0.02,73214,48183,47098,58459,22564,77431,52931,38.5,10.48,3.73,75265,174.42,2.89,3.95,0.78,79.19,13.2,1.84
22071,22,71,2011,0.5447,11.1,29418,24313,72.34,88.38,,0.29,71564,85396,44771,67571,30657,55269,43614,27.35,17.88,11.62,285205,182.29,0.3,5.37,2.95,33.39,59.7,1.79
22075,22,75,2011,0.4032,10.6,35517,19279,73.96,93.48,,0.11,83871,47237,56169,65625,40042,61111,59871,34.44,9.93,6.52,17316,187.57,1.67,4.85,3.38,70.26,20.47,2.77
22087,22,87,2011,0.4195,9.8,30551,21947,72.42,91.38,,0.19,67347,81452,54213,45337,32407,60197,44218,40.83,7.9,8.62,28959,188.23,0.71,9.2,2.01,74.01,17.57,2.95
22101,22,101,2011,0.4434,12.8,34969,19025,72.76,93.8,,0.08,55556,56604,31854,52331,29363,57143,44894,36.99,7.68,6.2,42160,173.21,1.87,5.58,1.82,59.23,32.37,2.01
22103,22,103,2011,0.4463,12.4,41598,27429,74.34,95.03,,0.1,53638,75510,61132,71753,44563,66356,68382,27.62,20.99,4.97,181023,167.24,0.51,4.88,1.34,83.5,11.35,1.86
22109,22,109,2011,0.4465,11.1,33896,21396,72.78,94.96,,0.24,42723,36071,48242,62832,31202,64464,53686,39.29,10.19,5.04,85809,171.74,5.82,4.13,1.09,70.03,18.86,2.17
22113,22,113,2011,0.4574,12.9,25386,18556,72.96,96.08,,0,47500,84191,44457,50935,23232,74848,47035,44.35,8.68,3.92,44203,176.88,0.37,2.48,2.04,80.89,14.19,1.44
28045,28,45,2011,0.4487,14.6,28229,22839,74,93,,0,37803,64423,75000,52117,28359,50000,48525,32,13,7,34839,191.68,0,0.03,0.01,88,7,2
28047,28,47,2011,0.4505,11.6,32382,25153,72,91,,0,62342,73633,46947,58337,32480,35361,51600,30,12,9,147274,181.24,0,0.05,0.03,70,22,3
28059,28,59,2011,0.4338,12.1,38195,23151,74,91,,0,54098,82639,47441,62171,33586,52024,55446,34,12,9,108761,178.85,0,0.05,0.02,72,21,2
48007,48,7,2011,0.4705,23.4,36211,19177,76,91.94,,0,60268,16316,23945,49872,28929,77083,47919,31.05,16.27,8.06,19481,210.95,0.75,24.86,2.05,87.6,1.29,2.31
48039,48,39,2011,0.4183,9.5,45990,30434,73.03,95.01,,0.37,53557,77963,53549,71938,72602,89979,70903,25.25,17.93,4.99,240071,158.64,0.56,27.93,5.63,69.86,12.27,2.69
48057,48,57,2011,0.4354,15,31339,22536,74.02,93.44,,0,22031,60714,38638,49910,41923,69626,49728,33.06,10.84,6.56,16437,174.21,0.49,47.35,4.59,81.8,2.63,2.14
48061,48,61,2011,0.4929,11,24058,14224,72.34,93.15,,0.05,45473,78247,31115,34184,78216,72652,34183,23.85,9.92,6.85,288978,197.1,0.42,88.14,0.68,87.63,0.52,1.5
48071,48,71,2011,0.3911,9.8,44444,25129,73.35,95.34,,0.43,52778,83333,52716,76562,38688,128676,70782,30.35,10.99,4.66,27186,156.49,0.64,18.78,1.05,78.95,8.19,2.17
48167,48,167,2011,0.454,11.2,41363,28354,73.16,93.73,,0.28,63753,76202,46052,73150,34861,69102,65623,26.02,17.43,6.27,224346,158.51,0.6,23.13,3.02,73.02,13.58,2.77
48201,48,201,2011,0.4911,8.1,42068,32822,71.35,93.34,,0.9,58999,74346,41694,70061,40097,60317,57888,24.05,18.38,6.66,3081267,153.91,0.69,41.7,6.23,57.19,18.96,3.25
48239,48,239,2011,0.4446,15.8,31250,19355,75.03,93.9,,0,61607,63636,43819,64890,26172,83654,59005,32.03,12.17,6.1,11010,167.2,0.41,29.4,0.36,81.82,6.95,2.16
48245,48,245,2011,0.4733,12.7,34333,20846,72.36,92.37,,0.25,56383,76938,40970,60193,31083,55610,47591,31.94,12.87,7.63,197320,183.74,0.56,17.59,3.43,52.07,33.65,2.02
48261,48,261,2011,0.3914,28,2500,17917,72.75,78.77,,0,87500,62500,20500,26667,62500,87500,37308,11.16,9.92,21.23,318,225.53,1.49,79.7,0.25,87.62,1.24,2.97
48273,48,273,2011,0.4884,11.4,23425,16214,69.47,91.24,,0.07,45030,72222,34170,43874,13699,32500,42149,26.58,14.17,8.76,24828,186.23,0.62,71.94,2.53,80.35,3.71,2.44
48321,48,321,2011,0.4755,14.1,30000,22203,73.41,90.22,,0.14,26894,79514,33738,55934,23503,37566,47748,32.42,11.16,9.78,28316,176,0.71,39.28,2.03,71.72,11.39,2.4
48355,48,355,2011,0.4718,11.9,35098,22682,72.18,92.54,,0.16,44099,70897,39210,50838,32810,57687,48597,26.9,12.4,7.46,261253,170.63,0.63,61.09,1.67,82.35,3.97,2.29
48391,48,391,2011,0.4244,18.9,36186,21393,74.96,93.65,,0,35000,62500,31103,45825,24265,69791,42360,33.17,7.02,6.36,5813,226.72,0.58,48.6,0.46,80.94,6.49,2.05
48409,48,409,2011,0.4383,12.5,34968,18909,73.55,93.39,,0.04,57715,55313,39230,53198,57181,57500,51576,30.04,11.33,6.61,48738,180.57,0.6,55.42,0.94,86.22,1.65,2.5
48469,48,469,2011,0.446,13.2,36514,23275,72.98,93.47,,0.17,60404,75521,38221,56049,34469,74740,52428,30.19,11.94,6.53,66753,160.28,0.59,44.62,1.09,79.9,6.35,2.49
48489,48,489,2011,0.5524,11.8,8414,12361,73.48,94.07,,0.21,68750,76944,24418,25309,53571,10781,25516,28.06,6.22,5.93,16816,295.23,0.28,88.34,0.68,86.22,2.13,1.91
1003,1,3,2012,0.4364,16.9,36992,25074,70,92,,0,80026,38538,39004,58384,31052,48359,55788,0.3,0.2,0.08,149505,183.5,0.01,0.05,0.01,86,9,0.02
1053,1,53,2012,0.4656,15.1,20137,14965,69,87,,0,83500,33955,37935,40904,23403,55769,35199,0.32,0.07,0.13,30395,257.04,0.03,0.02,0,62,32,0.02
1097,1,97,2012,0.4695,13,32405,21039,69,88,,0,74184,51095,51117,54452,29968,40185,45287,0.33,0.14,0.12,324861,190.98,0.01,0.03,0.02,60,35,0.02
1099,1,99,2012,0.4709,15.7,16964,15444,69,89,,0,46413,38000,60938,45723,19203,28333,32299,39,9,11,17642,210.55,0.01,0.01,0,54,43,2
12005,12,5,2012,0.418,14.7,35725,28937,68.84,91.09,,0.57,59091,60396,57189,54860,37175,42905,52970,32.72,13.39,8.91,138312,175.62,0.62,5.23,2.23,82.53,9.97,3.41
12013,12,13,2012,0.4405,15.8,30781,13996,69.59,91.84,,0,41346,63141,14877,37882,22652,38000,37415,40.72,8.47,8.16,12104,252.9,1.22,5.59,0.53,81.67,12.56,2.55
12015,12,15,2012,0.4323,34.5,31653,24387,73.77,85.61,,0.2,73537,79107,46602,49334,41796,43902,49126,33.39,15.35,14.39,141543,260.79,0.27,6.3,1.3,89.6,6.18,1.66
12017,12,17,2012,0.4443,32.1,28232,22581,73.26,84.34,,0.11,41781,79365,51492,42031,55357,59748,42586,38.64,9,15.66,120615,279.12,0.38,5.17,1.36,92.95,2.81,1.64
12021,12,21,2012,0.5344,26.7,42206,35000,72.84,90.82,,0.18,75527,75584,46460,67196,41450,54408,64652,25.67,19.05,9.18,275651,200.92,0.32,25.13,1.25,83.42,7.22,2.12
12029,12,29,2012,0.4061,19.4,21325,16487,70.35,86.21,,0,81250,78125,24683,35121,35000,58333,35625,40.38,3.2,13.79,13779,247.56,0.38,3.4,0.3,89.46,7.76,1.64
12033,12,33,2012,0.4523,14.5,33479,23814,68.6,87.43,,0.11,48591,48083,46653,54315,29142,38397,47731,30.53,12.88,12.57,243370,192.31,0.88,5.15,2.96,67.48,23.97,3.34
12037,12,37,2012,0.4775,17.7,16899,20028,70.55,88.3,,0.06,90278,81250,36771,45903,20000,40000,44204,28.95,12.95,11.7,9822,218.66,0.48,4.11,0.27,81.76,14.63,1.83
12045,12,45,2012,0.4321,17.1,30120,21328,71.09,91.53,,0.09,102500,21600,34286,47542,24497,66667,45077,39.83,7.32,8.47,13592,269.9,0.4,4.7,0.29,78.31,18.7,1.53
12053,12,53,2012,0.4137,25.9,28939,23375,72.17,86.07,,0.31,68466,81101,46409,46504,41047,54545,46636,36.27,12.19,13.93,143372,219.27,0.32,11.27,1.05,89.57,4.69,2.24
12057,12,57,2012,0.4726,11.9,38220,29291,67.82,89.42,,0.56,67656,74966,46802,60465,38506,56331,55541,27.26,19.92,10.58,1019126,168.45,0.41,26.24,3.85,70.64,17.07,3.47
12063,12,63,2012,0.4481,15.9,21168,18776,69.95,91.73,,0.12,38750,55147,46959,47846,28063,52344,43706,34.05,8.62,8.27,41439,236.11,0.62,4.78,0.54,69.08,26.63,2.03
12065,12,65,2012,0.4408,16.8,30949,27171,71.1,85.5,,0,72500,79688,72619,55405,28995,57813,43644,37.86,7.11,14.5,12470,195.42,0.23,3.97,0.39,56.86,39.69,1.16
12071,12,71,2012,0.4724,23.6,37405,28878,71.54,87.42,,0.3,86274,77372,46807,57424,38831,60108,55967,31.74,15,12.58,530452,209.34,0.32,19.54,1.52,81.94,8.81,2.26
12075,12,75,2012,0.4433,19.5,25192,18509,70.48,86.55,,0.02,47500,66848,34262,41837,23005,35813,40475,38.74,8.44,13.45,33534,204.53,0.39,8.37,0.69,86.01,8.68,1.86
12081,12,81,2012,0.4599,23.5,34517,25856,71.75,88.51,,0.51,80168,81703,43739,55814,34026,54617,53502,33.34,14.5,11.49,270472,209.02,0.34,15.98,1.81,81.41,8.88,2.13
12087,12,87,2012,0.499,17.4,41093,36113,69.81,93.89,,0.21,82627,82188,50549,61792,42566,48881,60709,30.96,17.63,6.11,63660,164.82,0.37,22.32,1.09,89.49,6.21,1.6
12091,12,91,2012,0.4243,13.8,40586,30861,68.9,91.84,,0.3,81764,65524,61526,62830,45296,33424,61168,31.06,14.73,8.16,149261,169.17,0.59,7.32,3.15,81.11,8.73,4.31
12101,12,101,2012,0.4411,20.9,29101,23626,71.04,88.81,,0.32,95167,80383,58476,48442,59758,64607,49576,30.59,16.21,11.19,380898,193.39,0.32,12.79,2.36,87.78,4.73,2.46
12103,12,103,2012,0.4702,21.4,34490,28385,70.6,90.72,,0.32,70627,80831,47052,51490,34074,44691,49670,30.87,19.1,9.28,780688,182.89,0.29,8.75,3.12,81.94,10.47,2.39
12113,12,113,2012,0.4117,12.9,41439,29181,69.4,88.59,,0.31,86824,57788,70819,61109,43406,53299,60527,24.6,17.43,11.41,122328,188.28,0.86,4.48,1.96,87.96,5.48,2.87
12115,12,115,2012,0.4827,31.3,34807,29839,73.2,88.67,,0.39,85855,81198,46126,56115,36010,59528,55460,32.01,17.17,11.33,331974,217.52,0.23,8.6,1.45,90.06,4.72,1.73
12123,12,123,2012,0.4507,15.9,25069,17535,70.25,84.94,,0.06,47900,88587,37188,44080,18721,14286,40747,32.29,7.58,15.06,18839,216.54,0.72,3.64,0.76,75.59,20.4,1.63
12129,12,129,2012,0.404,10.9,36321,24123,69.65,91.73,,0.15,97826,13977,63393,59509,50915,45962,59061,37.28,10.89,8.27,25552,179.16,0.69,3.47,0.62,80.84,15.68,1.66
12131,12,131,2012,0.4796,16.4,28034,29323,69.9,91.49,,0.3,62857,60417,78036,52151,20298,57992,51500,29,16.32,8.51,45532,183.58,0.79,5.71,1.1,88.25,5.26,2.27
22023,22,23,2012,0.3988,12.7,43125,31875,70.68,97.52,,0,95833,49375,75000,62614,62500,62500,62901,51.15,9.98,2.48,5135,167.26,0.5,2.08,0.09,95.74,1.6,1.17
22045,22,45,2012,0.4745,12.3,34102,16602,68.22,90.56,,0.13,66797,69118,68333,54558,24573,46867,44877,39.56,9.86,9.44,56234,178.63,0.4,3.44,2.58,61.97,32,1.71
22051,22,51,2012,0.4643,13.8,35642,26077,68.86,93.55,,0.61,85422,74143,48670,60762,36808,47973,53006,30.59,16.25,6.45,349342,157.7,0.51,13.62,4.19,62.1,26.14,2.36
22057,22,57,2012,0.4574,12.7,40833,16863,68.66,95.08,,0.04,90858,52550,70976,57802,26226,60577,53046,40.72,9.36,4.92,75555,165.07,3.07,4.14,0.7,78.98,13.05,1.98
22071,22,71,2012,0.5521,11.1,28987,23605,65.35,88.62,,0.33,98738,83936,53927,63994,30670,43489,42441,25.75,19.9,11.38,299187,170.27,0.31,5.39,3.13,34.36,58.29,1.87
22075,22,75,2012,0.4156,11.1,36563,18333,68.95,94.65,,0,111000,51220,70763,67121,31066,64096,60013,33.73,14.41,5.35,18043,156.43,1.47,4.93,3.6,72.06,19.13,2.46
22087,22,87,2012,0.4303,9.4,31324,22619,66.51,88.76,,0.27,102333,87255,58096,44960,33379,48868,44126,42.28,7.82,11.24,31635,168.57,0.68,8.9,2.25,71.96,19.33,3.3
22101,22,101,2012,0.4554,13.1,31191,19277,68.67,93.1,,0.25,77652,51199,33636,53179,29595,46679,45603,39.13,7.24,6.9,42512,173.85,1.84,5.93,1.9,57.87,33.44,2.16
22103,22,103,2012,0.4502,12.8,42001,27439,70.6,93.03,,0.07,74349,71491,70882,69974,42747,58232,66861,26.73,20.7,6.97,184988,171.6,0.54,5.07,1.3,83.69,11.28,1.66
22109,22,109,2012,0.4454,11.4,34814,20011,68.41,93.92,,0.37,81701,36034,64150,60823,33680,50919,53367,37.27,9.57,6.08,86645,173.52,6.23,4.34,1.02,68.6,19.64,2.34
22113,22,113,2012,0.4602,13,25154,17027,68.5,93.82,,0,107895,84052,52616,50395,23419,63645,47370,50.79,10.56,6.18,44164,172.56,0.33,2.59,1.82,81.17,14.19,1.36
28045,28,45,2012,0.4478,15.3,29500,23127,70,89,,0,58173,76085,49292,50382,29430,46591,48229,29,14,11,35283,188.19,0,0.04,0.01,88,7,2
28047,28,47,2012,0.4537,11.9,31981,25594,68,94,,0,74119,69565,52242,56146,32390,33885,49924,27,13,6,151878,158.46,0,0.06,0.03,71,21,2
28059,28,59,2012,0.4504,12.5,35824,23309,69,89,,0,79827,79529,52592,59535,31660,49262,53429,30,15,11,109108,179.31,0,0.05,0.02,72,21,2
48007,48,7,2012,0.4722,24.3,32569,20187,71.62,94.27,,0,41375,22917,30763,48299,21429,68421,46706,32.14,14.77,5.73,19476,196.49,0.64,26.57,1.72,88.72,1.21,2.22
48039,48,39,2012,0.4222,9.7,48030,31494,69.11,94.41,,0.52,85558,74100,60243,71406,70433,80926,71306,25.22,18.29,5.59,243408,158.99,0.54,28.61,6.02,68.82,13.22,2.93
48057,48,57,2012,0.4425,15.3,34135,19704,70.05,91.11,,0.03,33000,83125,40590,47833,40172,62500,47751,36.88,10.12,8.89,16583,164.17,0.46,49.22,3.85,83.78,2.27,2.13
48061,48,61,2012,0.4941,11.2,24389,14295,68.34,92.37,,0.06,62120,78507,33258,34132,81449,58879,34519,24.3,9.58,7.63,298962,198.46,0.37,88.1,0.72,88.54,0.46,1.38
48071,48,71,2012,0.4048,9.5,43172,24427,70,93.18,,0.27,68750,79779,58550,77045,36111,91250,72317,27.04,13.39,6.82,26415,177.23,0.67,20.32,1.1,79.16,7.37,2.29
48167,48,167,2012,0.4536,11.4,44710,28783,69.48,92.38,,0.21,82605,77953,53918,71800,37102,57016,65178,27.58,19.56,7.62,230899,157.82,0.54,23.47,3.3,73.11,13.31,2.97
48201,48,201,2012,0.4918,8.3,42849,32832,66.95,91.76,,1.04,76441,72603,46452,68714,40703,53076,57700,23.76,18.12,8.24,3196304,159.25,0.65,42.18,6.8,55.52,19.79,3.42
48239,48,239,2012,0.4372,16.3,30644,17950,70.66,95.27,,0,68750,75000,42759,57813,30303,59375,54972,33.23,13.89,4.73,10960,152.35,0.37,28.91,0.36,82.82,6.59,2.21
48245,48,245,2012,0.4792,12.8,36464,21259,68.48,89.6,,0.19,71532,77626,45509,58366,31746,43213,47110,33.4,11.66,10.4,201499,189.3,0.54,18.63,3.79,51.93,33.36,2.17
48261,48,261,2012,0.3767,21.5,11500,9844,70.06,100,,0,87500,87500,47857,52045,20000,62500,53947,6.21,8.62,0,351,165.57,1.81,65.24,0.23,86,1.13,3.16
48273,48,273,2012,0.4783,11.4,21683,18993,65.96,90.54,,0.04,60577,69079,39826,44055,17692,13308,42433,26.32,15.8,9.46,25103,201.79,0.55,71.15,2.48,80.94,3.76,2.56
48321,48,321,2012,0.4755,14.3,27622,21681,69.76,88.07,,0.28,38750,78125,39023,53098,23326,35484,48078,40.18,12.04,11.93,28550,199.16,0.64,39.12,1.81,73.04,11.34,2.09
48355,48,355,2012,0.4657,12.1,36754,22600,68.19,90.71,,0.22,62809,75869,43850,49031,33649,52421,48188,25.13,12.51,9.29,268170,177.93,0.56,61.05,1.9,82.47,3.81,2.63
48391,48,391,2012,0.4441,19.5,35030,20625,71.23,92.81,,0,27500,77778,38772,47056,29773,28333,44952,28.49,8.3,7.19,5699,207.31,0.54,46.72,0.45,82,6.31,2.07
48409,48,409,2012,0.4406,12.8,41806,22637,69.2,91.6,,0.03,68929,60985,42821,50968,53716,58929,50244,33.87,11.81,8.4,49288,175.1,0.54,55.2,0.98,87.3,1.47,2.15
48469,48,469,2012,0.446,13.5,36113,23652,68.9,92.38,,0.27,60821,73558,43895,56586,33974,72857,52977,29.75,11.78,7.62,68120,164.49,0.63,46.2,0.98,80.02,6.7,2.62
48489,48,489,2012,0.5339,11.9,8879,12423,69.41,93.11,,0.16,79688,79167,25072,24686,84821,15000,25464,30.73,4.4,6.89,17135,288.37,0.26,86.95,0.68,87.22,1.97,1.64
1003,1,3,2013,0.4455,17.3,34251,24609,66,91,96,0,97074,45820,47117,58696,33945,46400,56215,0.27,0.19,0.09,152908,100,0.01,0.05,0.01,85,10,0.02
1053,1,53,2013,0.4777,15.5,19603,15223,65,88,99,0,125000,32672,45000,40565,25217,57143,34911,0.35,0.09,0.12,30866,100,0.04,0.02,0,60,33,0.01
1097,1,97,2013,0.4711,13.3,32268,21314,64,88,95,0,91667,59902,56872,55388,31954,41810,46468,0.32,0.13,0.12,324439,100,0.01,0.03,0.02,59,35,0.02
1099,1,99,2013,0.4774,16.6,12368,16303,65,83,98,0,51786,32778,37500,42041,22645,22333,31922,41,7,17,17725,100,0.01,0.01,0,53,43,1
12005,12,5,2013,0.4234,15,35543,28156,64.56,90.69,94.88,0.32,68804,67105,59657,53859,41680,43654,52797,32.91,13.83,9.31,139460,100,0.63,5.21,1.94,81.52,11.14,3.7
12013,12,13,2013,0.4313,15.9,29191,17547,64.75,85.98,92.65,0.06,52632,64583,27143,33072,32447,44000,34090,38.66,4.36,14.02,11989,276.63,1.36,5.63,0.52,80.35,14.08,2.1
12015,12,15,2013,0.4324,35.3,30947,24439,70.47,83.78,88.64,0.43,86712,80093,45985,48327,44764,46290,48493,35.73,12.89,16.22,143491,100,0.23,6.23,1.46,89.29,6.15,1.9
12017,12,17,2013,0.4404,32.9,26747,21959,69.15,81.01,94.2,0.08,63971,82895,52354,41254,47300,66667,42016,39.04,10.31,18.99,120553,100,0.4,5.21,1.74,92.55,2.93,1.68
12021,12,21,2013,0.5306,27.4,42091,33724,68.84,88.09,68.92,0.3,80762,77660,47341,64681,39910,55687,62424,26.4,21.52,11.91,277179,100,0.3,27.5,1.25,83.78,7,2.24
12029,12,29,2013,0.4053,20.2,21694,16717,66.71,90.64,95.64,0,61957,78125,27917,36414,22353,53125,36647,33.79,8.01,9.36,13705,296.13,0.48,3.28,0.36,88.87,8.02,1.8
12033,12,33,2013,0.4526,14.8,33736,24849,64.61,86.93,91.64,0.22,72009,53261,50472,53165,31952,42689,47954,30.79,14.32,13.07,246015,100,0.91,5.13,3,67.25,24.04,3.63
12037,12,37,2013,0.4701,17.8,20152,19572,66.62,88.89,92.81,0.13,116667,78571,65000,46603,17292,42500,44396,36.86,10.17,11.11,10002,100,0.46,3.85,0.37,78.68,16.93,2.16
12045,12,45,2013,0.4281,16.7,30163,21531,66.38,88.14,94.15,0,121429,17000,30417,47532,36981,59375,46555,39.24,8.74,11.86,13597,100,0.41,4.73,0.32,81.66,15.42,1.42
12053,12,53,2013,0.419,26.3,27197,23094,68.15,82.31,89.74,0.45,79670,84524,48623,45651,42901,56532,45937,37.16,11.1,17.69,143667,100,0.4,11.83,1.26,88.92,5.89,1.86
12057,12,57,2013,0.4771,12.1,37697,29019,63.81,88.35,72.88,0.79,82989,76987,49581,59622,40632,59113,55817,27.81,18.87,11.65,1023811,100,0.44,26.32,3.86,69.22,17.92,3.62
12063,12,63,2013,0.455,16.3,20213,19601,66.68,92.27,92.86,0.16,32727,60714,26667,48557,29958,51667,43792,34.2,10.66,7.73,40833,242.98,0.58,4.8,0.51,68.71,26.99,2.19
12065,12,65,2013,0.448,17.5,28971,29732,65.87,91.65,92.22,0.13,95833,81250,90278,52306,31053,58333,45054,35.7,9.92,8.35,12205,250.36,0.29,4.39,0.36,57.27,39.37,1.44
12071,12,71,2013,0.472,24.3,35486,28191,67.66,85.25,78.91,0.47,101737,77174,48116,55130,39900,63510,54256,35.36,15.56,14.75,536950,100,0.4,19.32,1.65,82.37,8.96,2.41
12075,12,75,2013,0.4429,20.4,22090,18862,66.34,84.45,93.89,0.12,46129,80208,36309,40988,20811,46250,39358,41.64,8.03,15.55,32653,225.3,0.5,8.83,0.73,84.34,10.82,1.72
12081,12,81,2013,0.4597,24,33264,26634,67.66,86.88,82.75,0.28,101351,82624,45142,54384,36148,58462,52485,27.42,16.55,13.12,274854,100,0.33,15.83,1.78,80.7,9.14,2.36
12087,12,87,2013,0.506,18.3,42839,34233,66.24,92.68,78,0.35,108152,87500,53409,60911,45442,54630,60681,30.48,17.04,7.32,64634,167.19,0.44,22.24,1.07,88.91,6.22,2.13
12091,12,91,2013,0.4308,14.1,41062,30981,64.65,90.18,89.29,0.31,86339,68590,62927,61059,46281,27603,59480,26.98,15.63,9.82,153489,100,0.54,7.15,3.53,80.41,8.88,4.83
12101,12,101,2013,0.4414,21.3,29170,23145,66.95,85.97,87.05,0.51,106457,83287,64528,46726,64631,64928,48218,33.25,13.33,14.03,384399,100,0.3,13.37,2.42,87.19,5.2,2.64
12103,12,103,2013,0.4736,21.7,33929,27661,66.6,88.9,86.35,0.5,86132,81724,49674,50504,35797,49940,49376,29.76,18.18,11.1,785086,100,0.35,8.76,3.28,81.21,10.64,2.65
12113,12,113,2013,0.4146,13.2,40761,27239,65.72,88.87,93.69,0.19,94048,47465,69840,61025,48075,64000,60834,27.43,17.9,11.13,127051,100,1.01,4.73,1.89,86.48,6.08,3.47
12115,12,115,2013,0.4781,31.9,35245,29266,69.21,86.64,88.12,0.27,101623,82386,49419,54122,39924,59449,54009,30.76,17.67,13.36,336144,100,0.29,8.56,1.36,89.76,4.93,1.89
12123,12,123,2013,0.4187,16.6,28611,18207,66.48,80.47,92.85,0,87500,95238,35000,41003,21930,51786,39836,37.66,5.22,19.53,19003,203.85,0.91,3.92,0.73,75.03,20.54,2
12129,12,129,2013,0.3914,11.3,38796,25375,65.66,88.28,94.51,0.48,163750,15000,62179,58526,35857,56250,57679,39.61,9.4,11.72,24861,198.27,0.52,3.8,0.52,79.82,16.69,2.04
12131,12,131,2013,0.4832,17.1,27494,26408,65.85,89.27,91.75,0.4,56122,76515,79708,51273,21937,66038,50029,34.83,16.36,10.73,47335,100,1.02,5.87,0.87,87.81,5.4,2.77
22023,22,23,2013,0.4168,13.3,42868,28125,66.07,94.85,91.31,0,128571,58333,91667,65091,34167,62500,65248,38.38,10.26,5.15,5234,100,0.54,2.67,0.09,95.01,2.31,1.07
22045,22,45,2013,0.4843,12.6,33643,18314,63.81,92.3,87.82,0.18,77778,82143,85669,56822,28341,41453,45934,43.17,8.08,7.7,56412,100,0.45,3.59,2.22,60.06,33.56,1.91
22051,22,51,2013,0.4697,14,36748,25192,64.45,93.77,82.82,0.71,97308,81572,53168,59939,39500,53778,53835,32.7,16.61,6.23,347212,100,0.55,14.32,4.2,61.2,27.16,2.53
22057,22,57,2013,0.4523,12.9,36557,18045,65.04,94.36,82.85,0.09,108421,57966,70267,59297,26378,61364,54898,41.28,9.97,5.64,76215,100,2.9,4.34,0.72,77.96,14.08,1.91
22071,22,71,2013,0.5531,11.2,30645,24056,61.7,89.5,90.41,0.27,113825,83710,57318,64003,30814,43721,42770,25.06,18.34,10.5,302137,100,0.29,5.61,2.94,33.01,60.16,1.73
22075,22,75,2013,0.4275,11.5,35682,18488,64.55,92.52,92.36,0,102941,32692,63667,70847,35955,41500,62740,37.56,12.45,7.48,18345,100,1.39,5.15,3.72,68.62,21.43,3.18
22087,22,87,2013,0.4322,9.2,32222,20817,62.03,88.1,91.62,0.27,108571,85000,51026,43678,34585,40938,42866,42.61,8.05,11.9,32495,100,0.67,9.07,1.79,74.28,17.73,2.89
22101,22,101,2013,0.4543,13.3,31658,18892,64.7,88.24,88.96,0.12,78333,62288,43043,50830,32786,60317,45883,40.85,7.1,11.76,42074,100,2.2,6.29,1.85,57.29,33.1,2.41
22103,22,103,2013,0.4507,13.3,41232,26793,66.28,92.93,94.17,0.15,86111,75485,74399,69255,44590,62696,66241,28.88,19.81,7.07,186331,100,0.57,5.29,1.47,82.55,12.08,2.12
22109,22,109,2013,0.4446,11.5,36449,19299,63.67,93.72,89.6,0.3,97619,37941,68782,60419,34602,59896,54535,39.83,8.51,6.28,86461,100,6.33,4.56,1.27,69.01,19.28,2.39
22113,22,113,2013,0.4603,13.1,28408,16634,64.15,93.21,81.48,0,120259,82258,48636,49077,24252,61574,46651,40.88,10.52,6.79,44987,100,0.43,2.59,2.15,80.44,14.04,1.69
28045,28,45,2013,0.4327,15.9,30638,22819,65,87,95,0,63194,87500,46471,47475,32000,47353,46300,30,16,13,36052,100,0.01,0.04,0.01,88,8,2
28047,28,47,2013,0.4522,12.1,33691,24524,63,91,93,0,92816,76488,59101,55143,33220,35385,49157,24,14,9,151450,100,0.01,0.06,0.03,68,24,3
28059,28,59,2013,0.4488,12.8,35466,24464,65,92,93,0,95205,79930,57882,59123,33663,56095,53879,30,11,8,109562,100,0,0.05,0.03,71,22,2
48007,48,7,2013,0.4851,25,28850,20032,67.87,93.65,83.36,0,71429,64583,41603,47618,30000,43654,47143,37.4,13.69,6.35,19959,100,0.87,24.73,1.86,87.88,1.15,2.68
48039,48,39,2013,0.4206,10,47426,31408,64.62,94.25,75.34,0.27,103094,74449,65055,71677,74931,89986,72940,24.62,18.45,5.75,245906,100,0.63,29.31,6.07,70.33,12.72,2.58
48057,48,57,2013,0.4301,15.6,41275,20817,66.25,85.05,72.48,0.01,43182,83333,45772,47303,48661,67857,48071,25.15,9.85,14.95,16721,100,0.41,48.08,3.73,83.58,2.63,2.32
48061,48,61,2013,0.4967,11.4,24393,14354,63.78,90.81,27.78,0.07,68444,82051,34906,34155,82253,63235,34968,22.81,10.62,9.19,297463,100,0.45,89.24,0.72,87.86,0.61,1.47
48071,48,71,2013,0.4149,9.9,42642,22599,65.81,94.64,83.83,0.17,103646,79688,65217,80283,47973,86667,77690,30.22,12.46,5.36,27505,100,0.52,21.14,1.11,80.13,7.84,2.4
48167,48,167,2013,0.4561,11.7,44093,29612,65.03,90.98,82.48,0.22,97357,76887,59327,71075,40146,57979,65693,24.24,19.42,9.02,234133,100,0.51,23.97,3.13,73.27,14.15,2.55
48201,48,201,2013,0.4943,8.5,42943,33098,62.76,91.61,56.81,0.95,89539,78934,49847,68004,42997,57023,59726,22.68,18.57,8.39,3205936,100,0.77,43.03,6.7,57.54,19.21,3.66
48239,48,239,2013,0.4149,16.2,39730,16981,66.42,93.03,71.81,0,89583,82500,50242,58278,22297,59375,55827,28.16,15.33,6.97,11120,100,0.42,30.55,0.34,84.54,6.27,1.63
48245,48,245,2013,0.4883,12.8,33158,21337,63.68,88.74,80.45,0.32,78268,82172,47437,58223,34530,49691,48166,32.65,13.49,11.27,199004,100,0.48,19.67,3.65,52.43,34.28,2.07
48261,48,261,2013,0.3527,14.3,17875,21250,66.04,100,84.18,0.24,125000,87500,56757,51818,20000,62500,53509,31.71,11.85,0,341,100,1.37,79,0.23,88.58,1.37,2.51
48273,48,273,2013,0.4526,11.8,23662,25700,61.33,86.15,52.07,0.1,88636,83696,42818,45620,31393,14708,43966,22.66,18.26,13.85,24699,100,0.53,72.17,2.82,80.5,3.9,2.79
48321,48,321,2013,0.4806,14.6,24626,22740,65.54,90.12,71.86,0.11,45000,64474,44099,52819,21993,33889,46348,40.87,14.97,9.88,28271,100,0.61,40.76,1.89,73.13,10.73,2.75
48355,48,355,2013,0.4566,12.3,37669,23319,63.83,91.87,60.78,0.24,79630,78333,46714,49095,36121,54478,49081,25.71,13.37,8.13,268361,100,0.55,61.66,1.97,82.92,3.9,2.61
48391,48,391,2013,0.437,20.2,35559,21637,67.06,90.23,75.1,0,30455,65000,41555,47382,35968,31667,45963,30.47,5.2,9.77,5789,100,0.59,49.16,0.51,81.58,5.9,2.44
48409,48,409,2013,0.4467,13.2,42035,22270,65.26,92.05,67.03,0.06,100625,61207,51010,53151,53395,66518,52926,28.15,10.96,7.95,49437,100,0.51,54.29,1.01,87.26,1.74,2.1
48469,48,469,2013,0.4475,13.7,38413,23872,64.62,92.1,77.05,0.4,65203,77315,45949,55533,40039,96341,53584,33.16,9.05,7.9,68049,100,0.64,45.06,1.18,81,6.38,2.47
48489,48,489,2013,0.5131,12,8292,11773,65.17,91.4,63.59,0.1,107895,66667,26188,23727,20000,58333,24616,34.01,6.68,8.6,16898,100,0.3,87.56,0.65,88.24,1.8,1.75
1003,1,3,2014,0.4517,17.7,34245,25249,62,91,95,0,60103,58967,63753,60437,35643,62972,58023,0.29,0.19,0.09,157750,80.02,0.01,0.05,0.01,86,9,0.02
1053,1,53,2014,0.4742,15.8,20071,14772,61,81,99,0,82000,26376,40769,42291,28480,88333,36708,0.35,0.09,0.19,30718,80.51,0.03,0.02,0,60,34,0.01
1097,1,97,2014,0.4732,13.7,33284,21390,60,87,95,0,63079,53317,66434,58643,34829,59253,49581,0.33,0.14,0.13,325438,78.41,0.01,0.03,0.02,59,36,0.01
1099,1,99,2014,0.492,16.9,11503,16260,61,83,98,0,57692,29118,82143,44477,26277,30556,36009,42,8,17,17444,78.45,0.01,0.01,0,53,44,1
12005,12,5,2014,0.4347,15.3,34508,28099,60.81,89.12,94.36,0.28,53391,62426,61918,55226,44892,56039,54385,30.42,14.58,10.88,141741,80.64,0.65,5.06,1.78,81.03,11.79,3.72
12013,12,13,2014,0.4378,16.4,31806,17511,61.48,88.27,92.11,0.12,40660,56034,30088,37067,33615,81818,38008,40.12,6.5,11.73,11957,100,1.08,5.63,0.7,79.74,15.18,2.03
12015,12,15,2014,0.4314,36,30346,24445,66.52,84.95,87.96,0.25,49681,81250,48576,50298,45224,72581,50221,31.45,13.98,15.05,146040,87.86,0.26,6.08,1.49,89.38,6.34,1.59
12017,12,17,2014,0.4511,33.6,25999,21527,65.76,82.62,93.57,0.02,63441,86170,56117,43859,46579,74180,44362,38.15,10.54,17.38,120975,86.45,0.3,5.13,1.69,92.37,3.34,1.62
12021,12,21,2014,0.5324,28,44575,34751,65.08,88.99,68.32,0.18,64474,77778,51065,66973,38551,71586,64104,25.77,19.92,11.01,284454,83.15,0.4,26.26,1.31,84.2,6.64,2.24
12029,12,29,2014,0.4071,20.4,22091,16190,62.6,93.16,97.02,0.01,37500,10833,31000,41378,31429,15000,40870,37.45,4.94,6.84,13471,100,0.55,3.51,0.38,85.7,10.67,2
12033,12,33,2014,0.4504,15.1,35478,25890,60.38,87.13,92.22,0.21,52113,44286,55744,56254,34260,56789,50032,27.61,15.73,12.87,248992,81.16,0.92,5.03,3.29,67.11,23.58,3.6
12037,12,37,2014,0.4904,18.6,25727,22139,63.11,88.84,90.73,0.04,91667,78125,71429,47084,20476,42500,45773,35.95,8.02,11.16,9924,85.11,0.6,5.27,0.24,83.04,13.14,1.61
12045,12,45,2014,0.4413,17.2,28882,17500,63.06,83.69,94.9,0,32000,16818,41000,45943,40273,91667,45012,33.66,9.47,16.31,13754,86.11,0.37,4.66,0.39,73.84,22.36,2.35
12053,12,53,2014,0.4201,26.7,29018,22924,64.19,79.28,89.85,0.3,56166,80864,48365,45804,42007,71667,46035,37.74,9.95,20.72,145297,82.81,0.43,11.13,1.27,88.32,5.83,2.48
12057,12,57,2014,0.4792,12.4,38154,29701,59.5,88.04,73.87,0.86,58468,74426,52771,61546,43075,75310,57392,27.82,19.14,11.96,1026326,79.13,0.38,25.93,3.81,69.71,17.82,3.64
12063,12,63,2014,0.4511,16.9,23252,19942,61.98,87.52,95.29,0.23,29737,49348,33571,48793,34083,86667,45450,35.81,8.96,12.48,40804,100,0.77,4.78,0.7,66.81,28.01,2.26
12065,12,65,2014,0.448,18.3,23533,26228,62.91,81.79,91.84,0.09,108000,81250,98333,54616,30174,91667,46231,34.39,9.02,18.21,11927,100,0.29,4.42,0.4,58.37,37.51,1.58
12071,12,71,2014,0.4727,24.9,35975,28550,63.51,84.58,79.54,0.3,65426,75424,50606,56737,43330,80084,55533,31.3,15.41,15.42,553385,83.01,0.33,18.64,1.58,82.67,8.88,2.43
12075,12,75,2014,0.4556,21.1,22598,19480,62.79,86.68,93.64,0.07,26316,65385,44302,41314,27727,76389,40147,35.95,6.8,13.32,32828,100,0.35,8.41,0.54,85.79,9.81,1.67
12081,12,81,2014,0.4626,24.5,34179,26183,63.68,86.65,82.87,0.48,65588,87010,47226,56433,38845,75108,54328,30.09,16.19,13.35,283169,82.14,0.35,15.26,1.68,81.77,9.28,2.37
12087,12,87,2014,0.5037,18.8,43818,34575,62.55,91.46,74.64,0.25,83333,85976,58185,63340,56595,70395,63357,28.92,18.76,8.54,65165,100,0.48,21.56,1.31,88.99,5.86,2.16
12091,12,91,2014,0.4349,14.4,43285,30821,60.48,89.99,89.1,0.33,65290,69231,64838,63375,46060,44904,61226,27.37,15.91,10.01,156558,80.3,0.59,7.31,3.82,78.79,9.61,4.78
12101,12,101,2014,0.4419,21.6,30085,23995,63.1,86.07,85.34,0.55,69444,85917,66556,48027,69148,82803,49526,35.57,13.46,13.93,389276,81.45,0.43,12.52,2.49,87.19,4.9,2.74
12103,12,103,2014,0.4791,22.1,33819,27668,62.49,88.12,86.6,0.55,62523,84236,51967,53227,39190,65733,52071,30.63,17.92,11.88,789311,84.55,0.38,8.61,3.17,81.13,10.9,2.68
12113,12,113,2014,0.4229,13.6,42608,27056,61.77,89.8,92.83,0.17,67537,34140,71761,66189,54915,73607,65353,25.82,17.79,10.2,128719,79.16,0.71,4.64,2.28,86.5,6.26,3.45
12115,12,115,2014,0.4811,32.5,35750,29321,65.44,87.17,87.13,0.46,79299,81835,54897,56322,42657,86690,56231,30.67,18.43,12.83,339872,86.41,0.29,8.38,1.52,89.58,5.09,1.8
12123,12,123,2014,0.4075,17,29234,21497,61.88,90.01,94.4,0.03,40000,54167,57500,42046,24565,90217,40136,37.56,6.06,9.99,19080,100,0.96,3.7,0.66,73.07,22.75,1.48
12129,12,129,2014,0.3965,11.8,33730,30053,61.12,90.93,94.89,0.13,126087,32857,65278,59901,50806,76786,60118,38.96,10.28,9.07,25157,100,0.52,3.56,0.72,80.09,15.96,2.15
12131,12,131,2014,0.4796,17.7,26409,26952,62.32,90.02,91.7,0.21,44141,34000,74279,51538,23723,85870,50453,30.31,16.22,9.98,49470,81.99,0.72,5.61,1.17,87.74,6.04,2.19
22023,22,23,2014,0.4073,14.8,43750,27067,62.23,93.83,92.8,0,108333,92857,85870,66771,42500,87500,67144,43.5,14.22,6.17,5333,79.08,0.58,2.64,0.09,95.89,1.59,0.95
22045,22,45,2014,0.4816,12.8,33631,19152,60.12,90.32,87.36,0.04,59545,79730,103327,63098,32088,40952,51067,36.28,9.36,9.68,56630,76.4,0.44,3.37,2.78,60.42,32.67,1.9
22051,22,51,2014,0.4742,14.3,36292,25176,60.35,91.79,83.35,0.71,61625,78497,57096,62531,42404,66456,56200,30.28,15.1,8.21,350660,80.53,0.56,13.53,4.44,61.31,27.5,2.07
22057,22,57,2014,0.4559,13.1,32747,17909,60.48,93.88,82.28,0.05,73026,49827,70630,63176,29463,88961,57966,39.28,10.84,6.12,76329,78.38,2.82,4.11,0.92,77.94,13.86,2.16
22071,22,71,2014,0.5618,11.5,31129,23617,57.73,88.22,90.45,0.29,83959,84852,61047,68290,32522,60629,44879,24.49,18.96,11.78,312606,81.82,0.3,5.47,3,32.44,60.91,1.67
22075,22,75,2014,0.4412,11.8,37885,20191,60.73,95.06,91.66,0,61667,40625,70082,73371,48776,48333,67767,40.54,12.54,4.94,18020,76.18,1.84,4.96,3.91,69.64,19.7,3.24
22087,22,87,2014,0.4302,9.3,36533,23346,58.08,88,94.53,0.43,70918,82639,48193,47936,38996,55625,47074,41.93,8.62,12,34253,77.6,0.71,8.68,2.01,74.61,17.81,2.94
22101,22,101,2014,0.4626,13.7,31486,18425,60.12,86.31,89.31,0.19,53175,57692,43581,55351,32555,71094,47885,40.94,8.33,13.69,41879,78.07,1.59,6.3,1.99,57.33,33.99,1.98
22103,22,103,2014,0.4543,13.8,41422,27054,62.11,92.36,94.14,0.15,54116,56364,73071,71769,49802,82625,68794,27.9,20.33,7.64,188951,77.55,0.41,4.94,1.54,82.32,12.43,2.13
22109,22,109,2014,0.4452,11.8,36602,20491,60.39,92.94,90.31,0.37,72586,30342,79973,64072,40795,95270,57836,41.42,9.68,7.06,87321,77.17,5.12,4.29,0.95,70.26,19.21,2.67
22113,22,113,2014,0.462,13.3,25932,16665,60.12,91.5,81.39,0,101172,78125,78000,54571,29675,66923,50124,43.78,9.46,8.5,45592,76.62,0.43,2.43,2,79.85,15.65,1.19
28045,28,45,2014,0.4368,16.5,33381,22967,61,90,95,0,30600,86957,46416,50401,34057,51667,48480,33,14,10,36361,79.36,0,0.03,0.01,88,8,2
28047,28,47,2014,0.4473,12.5,33774,24598,60,90,94,0,73696,74457,59286,56367,34840,47642,50834,29,13,10,154933,78.43,0,0.06,0.03,68,23,3
28059,28,59,2014,0.4484,13.3,35975,26392,60,89,94,0,57801,75676,60961,62546,35676,72046,57345,32,13,11,109606,77.77,0,0.05,0.02,71,22,2
48007,48,7,2014,0.4775,25.4,24902,21653,64.55,90.18,81.43,0.24,43143,58929,43000,49306,46538,60000,49120,36.85,15.8,9.82,20439,83.36,0.65,25.46,1.74,88.18,1.15,2.75
48039,48,39,2014,0.4276,10.3,49656,33513,60.42,93.01,74.43,0.4,77052,75000,71094,74736,84232,108485,75303,25.03,17.97,6.99,251832,75.75,0.65,28.59,6.19,69.18,12.92,2.5
48057,48,57,2014,0.4318,15.9,38512,22317,61.3,87.22,68.81,0.18,51724,82813,44589,48667,51899,81522,48384,33.8,8.83,12.78,16903,77.15,0.55,48.98,3.75,82.93,3.04,2.4
48061,48,61,2014,0.4942,11.7,23838,14717,59.63,89.78,26.9,0.11,50104,82831,36742,35848,101268,88738,35838,24.39,11.05,10.22,297456,71.09,0.34,89.46,0.65,88.84,0.61,1.29
48071,48,71,2014,0.4268,10,42817,18516,61.57,92.12,79.89,0.14,76042,55769,68953,84377,55137,109167,80667,29.45,11.48,7.88,27981,75.47,0.69,20.73,1.13,81.27,7.2,2.2
48167,48,167,2014,0.4564,12,42554,30025,61,91.06,80.67,0.17,84647,70608,66116,75878,43648,77739,70014,24.44,19.43,8.94,240281,77.95,0.7,23.23,3.32,72.57,14.14,3.01
48201,48,201,2014,0.4956,8.7,42986,33584,58.61,91.13,56.83,1.11,66127,68235,54974,70628,46891,72826,61971,22.63,18.3,8.87,3295808,75.64,0.76,42.01,6.48,58.3,19.46,3.57
48239,48,239,2014,0.4093,16.3,42903,16307,62.8,95.02,81.78,0,64189,83333,61961,56808,30000,83333,55355,35.78,11.37,4.98,11465,78.07,0.42,30.47,0.34,83.94,6.87,1.95
48245,48,245,2014,0.4942,13,32411,21782,59.83,89.81,79.53,0.35,58700,81008,52367,61572,37856,63504,51044,30.98,13.09,10.19,201047,79.45,0.63,18.6,3.75,52.72,33.83,2.29
48261,48,261,2014,0.3705,12.5,19375,21250,62.28,100,78.5,0.26,112500,87500,52206,47273,20000,87500,48750,21.69,6.99,0,326,79.13,1.21,84.95,0.24,89.08,1.21,2.43
48273,48,273,2014,0.4802,12,23258,22250,57.57,91.79,49.82,0.16,80357,77083,45231,47550,26500,19419,44630,19.3,16.25,8.21,25041,78,0.51,73.15,2.33,81.97,3.7,2.05
48321,48,321,2014,0.4746,14.9,30119,18771,61.36,90.98,69.79,0.22,62500,70833,49356,51634,31798,32500,47552,35.57,12.76,9.02,28432,77.51,0.58,41.1,2.28,73.5,11.26,1.95
48355,48,355,2014,0.4612,12.5,38268,24069,59.73,92.08,57.67,0.18,58011,67034,52401,53411,40499,70405,52159,24.95,11.83,7.92,274196,77.48,0.56,62.23,1.9,83.22,4.18,2.19
48391,48,391,2014,0.4548,20.5,35372,20682,63.01,94.7,76.33,0.04,38000,81250,48095,49686,44545,45000,45048,33.55,5.71,5.3,5808,79.34,0.48,51.91,0.55,82.14,5.87,1.99
48409,48,409,2014,0.4341,13.5,41332,23395,61.19,91.66,64.91,0.04,82143,51136,58703,57873,51563,86842,57065,27.16,12.41,8.34,50341,75.64,0.61,54.34,0.76,89.07,1.41,1.8
48469,48,469,2014,0.4514,13.9,41603,25175,60.42,93.06,75.25,0.18,41102,78889,50983,59564,46046,109722,56355,31.59,12.81,6.94,69587,76.93,0.6,45.22,1.15,81.58,6.93,1.88
48489,48,489,2014,0.5001,12.1,9057,10934,61.11,90.93,46.08,0.39,45645,78125,29760,28659,22500,91667,28672,30.56,5.96,9.07,16827,76.77,0.32,89.72,0.68,86.35,2.52,2.21
1003,1,3,2015,0.4564,0.181302884,32461,20444,59,95,89,0,58846,62637,50467,63169,37152,65766,60378,0.29,0.19,0.05,162935,100,0.01,0.05,0.01,85,10,0.02
1053,1,53,2015,0.4645,0.161407671,25896,15164,57,94,93,0,85938,26081,32727,44203,29444,114583,38311,0.36,0.09,0.06,30686,100,0.03,0.02,0,59,34,0.02
1097,1,97,2015,0.4693,0.140991814,31173,18319,57,94,88,0,67589,54859,53673,61251,36178,61674,51581,0.32,0.14,0.06,328376,100,0.01,0.03,0.02,58,36,0.02
1099,1,99,2015,0.5194,0.172075438,24877,15933,57,91,92,0,66667,28333,57143,46313,27259,30000,37220,41,8,9,17353,100,0.01,0.01,0,53,44,2
12005,12,5,2015,0.4404,0.157459525,29677,20519,57.13,94.51,88.4,0.28,53327,65511,48991,57880,45992,56928,56863,30.25,14.57,5.49,146476,100,0.75,5.16,2.25,80.62,11.2,3.86
12013,12,13,2015,0.4476,0.172015053,22968,16784,57.77,94.58,86.85,0.11,39667,57857,23209,39164,35234,85000,39875,40.21,6.49,5.42,11992,81.4,1.23,5.64,0.74,80.02,14.62,2.17
12015,12,15,2015,0.4421,0.368554074,29465,18543,62.98,95.11,84.92,0.25,50781,80738,40359,52899,46387,77020,52768,32.21,14.32,4.89,150104,100,0.27,6.34,1.57,88.72,6.55,1.87
12017,12,17,2015,0.4601,0.344343878,25942,16634,62,93.73,90.52,0.02,63081,87202,47063,45756,48404,76302,46325,36.43,11.5,6.27,122160,100,0.39,5.17,1.77,92,3.48,1.6
12021,12,21,2015,0.5338,0.287565488,32544,21733,61.22,95.46,64.82,0.18,65712,82447,42359,69853,39959,74182,66664,27.35,19.38,4.54,293595,100,0.41,26.65,1.36,83.36,7.05,2.3
12029,12,29,2015,0.4333,0.213970543,22107,15286,58.91,94.03,91.92,0.01,37368,11250,24630,43070,32045,12273,42433,38.46,5.69,5.97,13362,83.32,0.55,3.52,0.38,85.98,10.43,1.96
12033,12,33,2015,0.4413,0.154106559,28744,20170,56.78,94.87,86.88,0.2,50604,43875,44597,58719,35101,59771,52322,26.95,16.03,5.13,254521,100,0.87,5.2,3.2,67.04,23.59,3.71
12037,12,37,2015,0.4641,0.19126247,26810,19328,59.36,94.89,86.3,0.04,87500,88636,61111,49059,21078,42500,47376,36.4,8.73,5.11,10192,100,0.62,5.48,0.28,80.49,15.22,1.93
12045,12,45,2015,0.4232,0.177130187,24648,17382,59.03,94.76,90.67,0,33750,14118,31000,47780,41295,113889,46772,35.76,9.24,5.24,13966,100,0.44,4.84,0.39,73.99,22.08,2.3
12053,12,53,2015,0.4211,0.2704323,27456,17207,60.36,93.51,85.43,0.36,57174,86384,40083,47700,43409,72885,47906,38.7,9.98,6.49,147679,100,0.46,11.37,1.2,87.68,5.84,2.62
12057,12,57,2015,0.4792,0.127062732,31370,22600,55.93,95.02,68.57,0.82,57995,77950,43370,64369,44430,77665,59561,27.9,19.26,4.98,1050819,100,0.38,26.05,3.95,68.47,18.06,3.79
12063,12,63,2015,0.4565,0.172678937,21845,18252,57.98,95.4,89.73,0.22,27632,50000,26607,50938,35236,105000,47110,34.72,9.73,4.6,40714,82.74,0.8,4.75,0.75,66.19,28.33,2.39
12065,12,65,2015,0.4458,0.192562333,29058,22520,59.05,95.07,87.09,0.11,109375,81250,82353,57276,31047,116667,48167,32.92,10.67,4.93,11968,83.84,0.32,4.55,0.39,58.17,37.52,1.68
12071,12,71,2015,0.4755,0.256218782,30025,20839,59.96,95.21,75.6,0.3,67639,78556,41367,59493,44762,86590,57989,31.39,15.59,4.79,571654,100,0.31,19.09,1.61,81.83,9.04,2.51
12075,12,75,2015,0.4595,0.21955752,23051,16733,58.87,94.33,88.89,0.08,24231,73214,35612,43232,28585,95000,41941,37.55,6.98,5.67,32497,81.86,0.47,8.33,0.7,84.95,9.98,1.84
12081,12,81,2015,0.4622,0.24953379,31034,20971,60.29,95.2,78.1,0.46,67941,86679,39160,59120,40150,78052,56748,31.46,16.18,4.8,293074,100,0.35,15.58,1.74,81.07,9.69,2.42
12087,12,87,2015,0.5093,0.195992148,32470,22928,58.63,96.88,71.94,0.24,87500,90385,47205,66122,58644,72093,66060,30.1,18.4,3.12,66675,86.92,0.51,22.22,1.42,87.67,6.6,2.26
12091,12,91,2015,0.4318,0.14695402,36044,21528,56.8,95.93,83.86,0.31,65000,72554,52113,66077,47422,46662,63563,26.57,16.02,4.07,159750,100,0.62,7.79,3.92,77.85,10.25,4.9
12101,12,101,2015,0.4465,0.220107743,30037,20079,59.29,94.17,80.72,0.53,71199,88636,54439,49907,70716,88456,51926,35.16,14.05,5.83,400507,100,0.45,12.8,2.52,86.51,5.23,2.86
12103,12,103,2015,0.486,0.224882633,30858,22745,59.04,94.99,82.63,0.54,63872,87564,42691,55881,40370,67273,54587,30.64,17.98,5.01,800625,100,0.4,8.85,3.36,80.29,10.93,2.8
12113,12,113,2015,0.4301,0.138348414,36953,20712,57.83,95.47,87.92,0.2,65413,34639,58608,68945,57051,74211,67866,25.89,17.74,4.53,131621,100,0.78,4.77,2.38,85.47,6.74,3.61
12115,12,115,2015,0.482,0.332031589,33752,22945,61.88,95.29,83.44,0.46,81369,86111,44595,58974,43416,94946,58898,30.12,18.85,4.71,347616,100,0.31,8.57,1.57,89.47,4.92,1.87
12123,12,123,2015,0.4096,0.173506723,24004,15725,58.03,93.53,88.79,0.03,41563,60000,44000,44109,25545,110938,41994,37.74,6.3,6.47,19101,82.99,0.98,3.73,0.64,72.25,23.1,1.91
12129,12,129,2015,0.3982,0.124775122,31827,25202,57.22,95.8,89.58,0.13,128226,33000,51220,62585,51563,80357,62874,39.12,10.54,4.2,25097,80.31,0.56,3.49,0.76,79.22,16.62,2.25
12131,12,131,2015,0.4942,0.183989779,27090,21081,58.39,96.33,86.4,0.2,44474,34231,58700,53956,24793,94565,52631,30.21,16.09,3.67,51483,100,0.94,5.81,1.23,86.98,5.9,2.56
22023,22,23,2015,0.4129,0.152400835,49177,22197,57.97,95.33,87.14,0,110714,92857,67500,69473,42941,100000,69863,42.85,12.97,4.67,5329,100,0.58,2.98,0.09,95.46,1.76,1.15
22045,22,45,2015,0.4936,0.131650843,31835,16599,56.28,94.69,81.05,0.04,59500,80128,82286,65925,32851,43766,53325,38.02,9.15,5.31,56996,100,0.47,3.47,2.88,59.89,32.9,1.99
22051,22,51,2015,0.4725,0.147019481,32134,21280,56.67,94.52,77.59,0.74,61521,80000,46108,65201,43579,67679,58350,30.83,15.66,5.48,353276,100,0.59,13.82,4.48,60.93,27.49,2.24
22057,22,57,2015,0.4526,0.133769005,35790,16743,56.64,95.99,77.7,0.06,75588,49107,58000,65757,30489,105743,60140,40.45,10.5,4.01,77554,100,2.79,4.14,0.99,77.54,13.93,2.32
22071,22,71,2015,0.5686,0.117678599,26725,20235,54.15,93.36,85.07,0.27,84346,85938,48639,71162,33397,62911,46213,24.11,18.94,6.64,318551,100,0.31,5.18,3.01,32.25,60.97,1.65
22075,22,75,2015,0.4527,0.118945718,39257,19195,56.83,94.28,85.03,0,62500,41667,56429,76940,49752,49063,70392,39.22,12.6,5.72,17935,100,1.71,4.96,4.14,68.35,20.61,3.42
22087,22,87,2015,0.4336,0.09449811,29441,18609,54.41,93.97,86.5,0.39,76531,89130,39797,49830,40075,56667,48817,41.91,8.61,6.03,35176,100,0.71,9.16,1.98,74.25,17.79,2.91
22101,22,101,2015,0.4749,0.140510095,30311,14771,56.59,93.59,82.83,0.18,49732,57941,33768,57997,33369,73162,49415,41.09,7.9,6.41,41796,100,1.74,6.37,2.04,56.98,33.65,2.3
22103,22,103,2015,0.4577,0.143184063,39348,21740,58.27,95.13,88.18,0.14,54739,60246,59572,74722,51599,89017,71460,27.95,19.95,4.87,193353,100,0.53,5,1.6,81.96,12.46,2.21
22109,22,109,2015,0.4489,0.12163169,34067,16627,56.62,95.91,83.79,0.35,75714,30023,64502,66779,41973,110345,60252,40.14,9.71,4.09,88494,100,5.83,4.38,1.22,69.39,18.95,2.73
22113,22,113,2015,0.4589,0.135729995,33692,16110,56.5,94.38,76.25,0,97619,81897,63043,57135,30551,67544,52666,42.41,9.56,5.62,46218,100,0.44,2.57,2.04,79.37,15.63,1.55
28045,28,45,2015,0.4418,0.173121178,30417,19117,57,93,89,0,31429,86111,39118,53018,34896,41000,50206,33,14,7,36888,100,0.01,0.03,0.01,86,9,2
28047,28,47,2015,0.4486,0.128309251,29372,18711,56,94,87,0,75888,78438,46976,59144,36243,48512,53172,29,13,6,157913,100,0,0.06,0.03,67,24,3
28059,28,59,2015,0.4554,0.137102278,32376,19769,57,93,87,0,59286,80060,49554,65146,36838,73391,59420,32,13,7,110937,100,0,0.05,0.02,70,22,2
48007,48,7,2015,0.5134,0.259426972,25976,16464,60.52,95.7,78.83,0.25,40769,72917,34538,51594,48125,58750,51008,33.29,14.78,4.3,21149,100,0.81,26.09,1.9,86.34,1.47,2.89
48039,48,39,2015,0.4304,0.105510021,45894,26793,56.46,95.69,68.42,0.38,77398,79429,58718,78205,86609,115774,78459,25.33,18.08,4.31,259709,100,0.68,28.64,6.4,68.68,13.15,2.39
48057,48,57,2015,0.4141,0.159466445,37231,18084,57.42,96.27,63.86,0.16,48636,85000,36432,50711,53614,84091,49944,33.94,9.53,3.73,16973,100,0.59,48.69,4.78,79.38,3.2,2.54
48061,48,61,2015,0.4956,0.120369329,21109,14645,56.03,93.28,24.73,0.1,51015,83796,33624,37787,106557,101572,37636,24.57,11.32,6.72,301940,100,0.44,89.02,0.63,87.76,0.64,1.66
48071,48,71,2015,0.439,0.105688438,47456,21696,57.68,95.68,74.9,0.13,78302,55769,56747,88180,56000,121875,83618,30.46,11.99,4.32,29087,100,0.7,19.84,1.16,78.87,7.72,2.13
48167,48,167,2015,0.4619,0.123762424,39497,22689,57.21,95.47,75.05,0.19,85142,77941,54046,79798,45005,80523,72537,24.51,19.56,4.53,247709,100,0.73,23.72,3.43,71.29,13.68,3.07
48201,48,201,2015,0.4985,0.089393627,33096,22112,54.85,96.06,52.58,1.04,65906,75164,46006,73644,48185,74547,63974,23.05,18.27,3.94,3391451,100,0.78,41.85,6.59,57.29,19.56,3.67
48239,48,239,2015,0.4334,0.162708822,41203,15221,58.92,96.96,75.67,0,63889,87500,49182,59558,30714,107143,57730,34.58,12.74,3.04,11676,100,0.45,31.53,0.37,82.89,7.1,2.13
48245,48,245,2015,0.4909,0.131544813,30595,18323,56.17,93.66,73.76,0.35,58938,84639,42980,64369,39029,65581,53198,33.45,13.06,6.34,201836,100,0.65,18.68,3.84,52.33,33.65,2.36
48261,48,261,2015,0.3863,0.120353982,21553,14228,58.55,97.6,73.47,0.26,125000,75000,42059,49167,25000,100000,50735,23.4,6.79,2.4,314,100,1.28,81.12,0.26,89.03,1.28,2.55
48273,48,273,2015,0.4712,0.122264198,29730,16105,53.91,96.55,46.8,0.16,83621,79688,37614,49557,28636,14876,46797,19.87,15.95,3.45,25255,100,0.65,72.51,2.27,80.84,3.58,2.62
48321,48,321,2015,0.4625,0.151019181,31480,18153,57.51,93.7,65.11,0.21,67262,72917,40468,54179,32838,32188,48994,34.45,12.02,6.3,28511,100,0.66,40.98,2.43,71.16,11.23,2.6
48355,48,355,2015,0.4632,0.127461228,32767,14650,55.97,96.14,55.13,0.18,58856,73013,45041,56274,41970,73394,54334,26.89,11.8,3.86,279014,100,0.66,62.31,1.99,80.39,4.34,2.35
48391,48,391,2015,0.474,0.208327608,36125,17184,59.07,97.32,68.65,0.04,38750,83333,39598,52863,45800,45000,46659,33.63,6.24,2.68,5859,100,0.61,51.11,0.56,78.77,6.95,1.91
48409,48,409,2015,0.437,0.137566218,32131,20246,57.3,94.11,59.37,0.05,83904,48636,48718,60378,50556,96500,59253,26.88,11.03,5.89,51240,100,0.65,56.49,0.89,87.85,1.4,2.29
48469,48,469,2015,0.4506,0.141932763,16735,12449,56.7,97.1,69.96,0.18,41639,79091,41735,62366,47575,124167,58594,31.16,12.97,2.9,70921,100,0.61,45.28,1.2,80.35,7.27,2.04
48489,48,489,2015,0.5157,0.123806927,,,57.1,91.63,45.37,0.35,46400,75000,27061,29844,87500,115000,29638,30.66,6.39,8.37,16912,100,0.34,88.24,0.68,85.68,2.61,2.26
1003,1,3,2016,,,,,54,95,,,46122,58947,50833,65503,37224,74495,62231,0.28,0.19,0.05,166161,100,0.01,0.05,0.01,85,10,0.02
1053,1,53,2016,,,,,53,93,,,70968,24531,32391,45807,29197,115385,39052,0.37,0.09,0.07,30752,100,0.03,0.02,0,59,34,0.02
1097,1,97,2016,,,,,53,93,,,54290,52091,53695,63520,36199,68808,52807,0.32,0.14,0.07,328908,100,0.01,0.03,0.02,58,36,0.02
1099,1,99,2016,,,,,53,91,,,47857,27222,54167,47906,27283,33182,37835,42,9,9,17206,100,1,0.01,0,53,44,2
12005,12,5,2016,,,,,52.81,94.87,,,43793,62584,48958,60233,46087,64030,58647,30.5,14.55,5.13,148889,100,0.77,5.12,2.16,80.39,11.45,3.83
12013,12,13,2016,,,,,53.48,94.21,,,31197,55000,23209,40840,35492,92308,40730,40.4,6.3,5.79,11974,100,1.19,5.7,0.77,80.01,14.25,2.51
12015,12,15,2016,,,,,58.81,94.44,,,41223,79938,40359,55137,46455,86145,54840,32.66,14.01,5.56,154963,100,0.3,6.27,1.56,88.74,6.52,1.74
12017,12,17,2016,,,,,57.86,93.08,,,48373,83602,46982,47365,48333,86895,47876,37.19,11.15,6.92,123956,100,0.38,5.24,1.78,91.84,3.48,1.66
12021,12,21,2016,,,,,56.99,95.05,,,54147,79027,42353,72390,40226,85372,68406,26.56,19.75,4.95,301757,100,0.41,26.73,1.36,82.85,6.99,2.29
12029,12,29,2016,,,,,54.75,94.24,,,36071,10909,24273,44662,31800,12273,43663,38.51,5.62,5.76,13424,100,0.54,3.55,0.37,85.73,10.69,1.96
12033,12,33,2016,,,,,52.62,94.73,,,41491,40975,44582,60961,35031,66706,53845,28.41,15.93,5.27,255515,100,0.85,5.13,3.32,67.01,23.58,3.67
12037,12,37,2016,,,,,55.01,95.57,,,66667,85417,66667,50997,21739,62500,48950,34.87,9.13,4.43,10157,100,0.64,5.38,0.3,81.05,14.74,1.82
12045,12,45,2016,,,,,54.69,95.14,,,24565,14211,31667,49448,41389,115000,48043,35.23,9.41,4.86,13780,100,0.48,4.75,0.39,74.28,21.69,2.3
12053,12,53,2016,,,,,56.21,93.65,,,47181,81304,40097,49337,43163,83553,49245,37.57,10.61,6.35,150236,100,0.46,11.38,1.16,87.97,5.74,2.62
12057,12,57,2016,,,,,51.59,95.28,,,46519,76599,43362,66684,44317,85560,60653,27.73,19.27,4.72,1078571,100,0.39,26.05,3.97,68.34,17.85,3.81
12063,12,63,2016,,,,,53.82,94.47,,,22429,48500,27075,52976,35317,109783,48235,34.89,9.58,5.53,40863,100,0.78,4.79,0.74,66.32,28.21,2.4
12065,12,65,2016,,,,,54.67,94.52,,,91667,81250,84211,59492,31160,116667,49609,32.21,10.71,5.48,11881,100,0.32,4.57,0.4,58.36,37.3,1.69
12071,12,71,2016,,,,,55.7,95.21,,,52972,78091,41351,61825,44719,97016,59720,31.36,16.21,4.79,592753,100,0.32,18.99,1.6,82.07,8.97,2.49
12075,12,75,2016,,,,,54.59,94.54,,,20926,70588,35754,44819,28354,102273,43270,37.74,6.87,5.46,32735,100,0.5,8.37,0.67,84.85,9.8,2.1
12081,12,81,2016,,,,,56,95.27,,,52381,84272,39078,61344,40118,86647,58442,31.15,16.67,4.73,303922,100,0.34,15.49,1.79,81.11,9.63,2.41
12087,12,87,2016,,,,,54.26,96.63,,,71115,87069,47132,68438,58279,85606,67816,29.02,19.29,3.37,67648,100,0.51,22.15,1.33,88.15,6.14,2.24
12091,12,91,2016,,,,,52.5,95.71,,,52148,68590,51980,68556,47581,51458,65177,26.66,16.78,4.29,161812,100,0.67,7.71,3.89,77.64,10.49,4.87
12101,12,101,2016,,,,,55.02,94.55,,,56985,84603,54383,52199,70660,97599,53779,34.53,14.43,5.45,412249,100,0.45,12.74,2.54,86.46,5.2,2.84
12103,12,103,2016,,,,,54.77,95.37,,,49724,84069,42710,58180,40397,74500,56431,29.77,18.88,4.63,811667,100,0.4,8.79,3.4,80.26,10.91,2.79
12113,12,113,2016,,,,,53.37,95.46,,,50911,33023,58688,71356,56918,82666,69867,27.08,17.51,4.54,134876,100,0.85,4.79,2.36,85.46,6.78,3.58
12115,12,115,2016,,,,,57.75,95.27,,,65337,81421,44616,61292,43423,104533,60952,30.24,19,4.73,356479,100,0.31,8.52,1.57,89.34,4.98,1.86
12123,12,123,2016,,,,,53.92,93.76,,,30909,58333,41000,45650,25982,113158,43158,38.18,6.11,6.24,18888,100,0.99,3.74,0.65,72.54,22.86,1.82
12129,12,129,2016,,,,,52.9,95.63,,,107955,32857,51667,64881,51481,90000,64995,38.89,10.99,4.37,25658,100,0.56,3.5,0.76,79.37,16.44,2.27
12131,12,131,2016,,,,,54.22,95.58,,,33049,32500,58766,56211,25056,102273,54471,28.83,16.75,4.42,53125,100,0.98,5.77,1.22,87.01,6.06,2.38
22023,22,23,2016,,,,,53.93,95.57,,,88636,92857,67424,72274,42895,100000,72537,41.24,13.04,4.43,5422,100,0.59,2.93,0.09,95.18,1.96,1.23
22045,22,45,2016,,,,,52.01,92.66,,,47857,78571,82107,68421,32934,47135,54731,37.98,9.39,7.34,57132,100,0.46,3.47,2.76,59.85,33.08,1.98
22051,22,51,2016,,,,,52.5,94.63,,,48099,77621,46100,67571,43555,74708,59543,30.84,15.87,5.37,354181,100,0.59,13.79,4.47,61.15,27.36,2.27
22057,22,57,2016,,,,,52.27,94.93,,,60263,47055,57857,68079,30584,112222,61629,39.76,10.77,5.07,77995,100,2.74,4.15,0.98,77.66,13.89,2.31
22071,22,71,2016,,,,,49.93,93.94,,,66597,84513,48751,73530,33372,70860,46624,24.14,18.93,6.06,322808,100,0.31,5.18,3.01,32.33,61.02,1.66
22075,22,75,2016,,,,,52.41,94.78,,,45714,42059,56164,80028,49752,58333,72289,39.38,12.37,5.22,18028,100,1.82,5,4.15,67.61,21.22,3.44
22087,22,87,2016,,,,,50.2,93.86,,,58696,84500,39828,51880,40390,68590,49887,42.17,8.63,6.14,35847,100,0.76,9.15,2.09,73.3,18.46,3.07
22101,22,101,2016,,,,,52.47,93.06,,,41477,55585,33857,60225,33448,81667,50243,41.79,7.65,6.94,41503,100,1.82,6.37,1.9,57.21,33.41,2.37
22103,22,103,2016,,,,,53.91,94.92,,,43839,58228,59547,77710,51721,97632,73360,27.81,19.74,5.08,196948,100,0.56,4.99,1.6,81.9,12.49,2.21
22109,22,109,2016,,,,,52.08,94.43,,,61335,28480,64688,69303,42263,120408,61261,39.66,9.87,5.57,88827,100,6.19,4.39,1.12,68.18,20.01,2.66
22113,22,113,2016,,,,,52.39,93.68,,,82667,78571,62760,59290,30593,75490,54594,41.95,9.95,6.32,46427,100,0.44,2.57,2.16,79.51,15.3,1.63
28045,28,45,2016,,,,,53,94,,,25882,84211,39412,55258,34828,47000,51838,32,15,6,37315,100,1,0.03,0.01,87,9,2
28047,28,47,2016,,,,,51,94,,,59402,76099,47015,61472,36223,54931,54619,29,13,6,159942,100,0,0.06,0.03,67,24,3
28059,28,59,2016,,,,,53,93,,,47879,78289,49597,67536,36750,82536,60803,31,13,7,111049,100,0,0.05,0.02,70,23,2
48007,48,7,2016,,,,,56.18,95.16,,,35000,64706,34623,53739,47188,68000,51742,32.2,14.19,4.84,21497,100,0.89,26.27,2.16,85.34,1.45,2.93
48039,48,39,2016,,,,,51.97,95.63,,,63345,76250,58764,81359,86628,125740,79828,25.71,17.97,4.37,266413,100,0.68,28.62,6.39,68.75,13.09,2.65
48057,48,57,2016,,,,,52.98,96.3,,,39839,82955,36301,52859,53963,91500,51068,33.13,9.81,3.7,17031,100,0.6,48.33,5.15,78.39,3.21,2.54
48061,48,61,2016,,,,,51.72,93.36,,,41331,81878,33865,39369,106557,105814,38471,24.3,11.32,6.64,303459,100,0.46,88.9,0.69,87.71,0.64,1.67
48071,48,71,2016,,,,,53.17,94.96,,,63176,51786,56579,91255,56373,130208,84981,31.51,12.41,5.04,29779,100,0.7,19.99,1.16,78.76,8.32,2.15
48167,48,167,2016,,,,,52.83,95.25,,,69577,74020,54074,82892,44912,88127,73701,24.89,19.12,4.75,254740,100,0.73,23.53,3.41,71.34,13.89,3.06
48201,48,201,2016,,,,,50.47,95.57,,,53216,71339,45967,76710,48252,81993,64147,22.93,18.34,4.43,3468981,100,0.78,41.77,6.63,56.34,19.61,3.69
48239,48,239,2016,,,,,54.48,96.39,,,46613,85417,49604,61970,30667,107143,58976,34.39,11.97,3.61,11741,100,0.45,31.42,0.37,83.33,6.7,2.02
48245,48,245,2016,,,,,51.94,93.47,,,45403,82716,42948,66663,38997,72639,53927,33.41,13.16,6.53,203728,100,0.65,18.7,3.83,52.3,33.71,2.35
48261,48,261,2016,,,,,54.1,97.63,,,100000,75000,41176,50781,25000,100000,52941,23.42,7.43,2.37,319,100,1.26,79.65,0.25,88.69,1.26,2.51
48273,48,273,2016,,,,,49.59,94.32,,,67333,75962,37636,51628,28810,18750,47534,19.91,16.27,5.68,25005,100,0.63,72.33,2.3,79.05,3.96,2.75
48321,48,321,2016,,,,,53.34,93.68,,,49681,75862,40474,56447,32842,33947,49490,34.82,12.19,6.32,28743,100,0.67,40.73,2.45,71.14,11.17,2.71
48355,48,355,2016,,,,,51.69,95.3,,,46338,69460,45080,58382,42342,80674,55219,26.96,12.36,4.7,281835,100,0.71,62.34,1.98,80.77,4.36,2.45
48391,48,391,2016,,,,,54.72,94.97,,,29286,81250,39358,54870,45625,50000,46809,33.42,6.13,5.03,5844,100,0.6,50.85,0.57,77.39,7.14,2.17
48409,48,409,2016,,,,,52.93,93.91,,,68284,48889,48688,62592,50543,104741,60353,27.31,10.54,6.09,51578,100,0.65,56.47,0.83,87.47,1.38,2.44
48469,48,469,2016,,,,,52.52,96.01,,,32284,77500,41818,64667,47556,128125,59786,30.95,13.04,3.99,71987,100,0.61,45.29,1.2,80.41,7.26,2.03
48489,48,489,2016,,,,,52.82,88.46,,,40690,75000,27478,31058,87500,116667,30031,31.81,6.18,11.54,16935,100,0.34,88,0.67,84.36,2.66,2.31
1003,1,3,2020,,,,,,96,90,0,46772,65496,56941,70610,40913,73649,67230,0.29,0.19,0.04,174294,100,0.01,0.05,0.01,85,11,0.01
1053,1,53,2020,,,,,,94,93,0,75926,29938,34286,49263,32033,117308,42813,0.37,0.09,0.06,31242,100,0.03,0.02,0,58,35,0.02
1097,1,97,2020,,,,,,95,89,0,58356,56136,59312,68600,40033,68560,57622,0.32,0.14,0.05,340674,100,0.01,0.03,0.02,58,36,0.02
1099,1,99,2020,,,,,,92,93,0,50000,32222,79167,51928,29832,31250,41694,41,9,8,17401,100,0.01,0.01,0,52,44,2
12005,12,5,2020,,,,,,95,88.91,0.26,47575,73383,55189,65082,49503,62371,63743,29.71,15.01,5,155527,100,0.93,5.29,2.57,80.94,10.38,3.53
12013,12,13,2020,,,,,,95.09,87.25,0.12,34048,64024,26316,44016,39688,91071,44377,40.15,6.69,4.91,11887,100,1.54,5.92,0.81,83.68,11.17,1.76
12015,12,15,2020,,,,,,95.57,84.35,0.24,44699,83190,44225,60006,51447,86786,59520,31.19,14.71,4.43,154708,100,0.32,6.53,1.21,88.24,7.05,2.35
12017,12,17,2020,,,,,,94.3,90.94,0.02,48043,96386,50612,51233,51871,85811,51866,35.49,11.95,5.7,122805,100,0.53,5.35,1.98,91.85,3.67,1.33
12021,12,21,2020,,,,,,95.88,64.64,0.17,53325,86133,46169,78162,43560,85751,73730,27.49,19.22,4.12,314214,100,0.47,26.87,1.5,84.08,7.95,1.4
12029,12,29,2020,,,,,,94.6,92.28,0.01,28333,12353,29000,48256,34643,12692,47700,38.48,5.74,5.4,13783,100,0.65,4.17,0.46,89.54,7.31,1.24
12033,12,33,2020,,,,,,95.33,87.44,0.21,44832,44764,49012,66033,39007,65960,58418,25.91,16.55,4.67,266643,100,0.66,5.36,2.74,66.82,23.68,4.36
12037,12,37,2020,,,,,,95.3,86.24,0.04,72222,88889,70000,55975,22500,20000,52872,36.37,8.33,4.7,10867,100,0.74,5.31,0.22,78.27,16.71,2.44
12045,12,45,2020,,,,,,95.21,91.19,0,31667,17000,36875,53904,48973,115000,52897,35.41,9.71,4.79,14710,100,0.6,4.96,0.4,76.68,19.51,1.73
12053,12,53,2020,,,,,,94.08,85.86,0.37,50585,89691,43886,53931,48482,82798,53762,39.08,9.65,5.92,151090,100,0.47,11.83,1.07,87.08,5.57,2.98
12057,12,57,2020,,,,,,95.47,68.44,0.86,50908,80308,47312,72129,48611,84790,65635,27.92,19.33,4.53,1113182,100,0.39,26.47,4.18,66.5,18.71,3.73
12063,12,63,2020,,,,,,95.8,90.25,0.24,24167,60526,28729,57293,38977,110000,52465,34.64,9.96,4.2,40657,100,0.99,4.7,0.78,66.09,29.21,1.46
12065,12,65,2020,,,,,,95.54,87.15,0.11,100000,87500,89063,64251,33792,116667,53390,31.53,11.06,4.46,11925,100,0.36,4.52,0.34,57.98,38.09,1.03
12071,12,71,2020,,,,,,95.65,75.91,0.28,57189,80357,45161,66884,48910,94563,64611,31.05,15.49,4.35,611225,100,0.25,19.32,1.7,81.11,10.09,1.75
12075,12,75,2020,,,,,,94.84,89.4,0.07,22636,72222,40156,48094,30912,102419,46677,37.07,6.5,5.16,32998,100,0.63,8.36,0.91,84.53,10.6,1.57
12081,12,81,2020,,,,,,95.63,78.15,0.48,52982,93462,42961,66344,44037,85347,63312,31.65,16.15,4.37,313563,100,0.42,15.75,1.93,81.34,11.09,1.42
12087,12,87,2020,,,,,,97.19,71.12,0.23,75000,92647,51819,73824,63721,84146,72763,30.51,18.38,2.81,68028,100,0.39,22.65,1.54,85.83,7.78,2.52
12091,12,91,2020,,,,,,96.3,83.96,0.33,58103,80036,58367,73874,52379,50678,70353,26.06,15.82,3.7,170120,100,0.73,8.13,2.75,77.84,11.21,4.82
12101,12,101,2020,,,,,,94.7,80.48,0.56,60784,86475,59777,57007,76576,96850,58687,35.28,14.19,5.3,416965,100,0.27,13.32,2.6,85.87,6.13,3.15
12103,12,103,2020,,,,,,95.44,82.68,0.59,53634,88896,46568,63114,44119,74106,61169,30.7,17.92,4.56,825122,100,0.3,9.19,3.79,79,11.07,3.09
12113,12,113,2020,,,,,,95.87,88.32,0.2,58191,38925,65207,77253,62093,81967,74716,25.06,18.11,4.13,138644,100,0.64,5.06,1.46,85.16,7.38,4.05
12115,12,115,2020,,,,,,95.72,83.24,0.5,71495,90605,48678,66222,47653,103671,65910,29.81,19.23,4.28,358878,100,0.36,8.83,1.88,89.31,4.67,2.24
12123,12,123,2020,,,,,,94.08,88.9,0.03,34677,56250,56818,48917,27809,114063,46616,37.89,6.39,5.92,18781,100,1.12,3.96,0.52,72.23,22.76,2.41
12129,12,129,2020,,,,,,96.18,89.84,0.12,120833,36667,55114,70051,56127,87500,69790,39.47,10.63,3.82,25614,100,0.47,3.94,0.46,78.06,19.04,1.37
12131,12,131,2020,,,,,,96.67,86.56,0.18,38621,38621,64079,60799,27147,99265,59239,29.66,16.01,3.33,55812,100,1.18,6,1.35,85.8,5.7,3.15
22023,22,23,2020,,,,,,95.77,87.63,0,100000,92857,78261,79055,44750,100000,79336,42.22,13.54,4.23,5503,100,0.61,3.36,0.09,95.54,1.45,1.3
22045,22,45,2020,,,,,,95.16,81.53,0.04,51471,82955,90549,73771,36011,46870,58879,37.08,9.08,4.84,59200,100,0.28,4.04,3.39,59.43,33.54,2.21
22051,22,51,2020,,,,,,95.02,77.3,0.77,52652,75532,49983,72904,47505,74768,64309,30.36,15.61,4.98,368011,100,0.35,14.4,4.53,60.35,27.64,2.58
22057,22,57,2020,,,,,,96.36,78.76,0.06,64474,55778,65162,73585,33288,111232,66769,41.03,10.61,3.64,80814,100,2.29,4.35,0.78,77.08,14.14,2.69
22071,22,71,2020,,,,,,93.95,85.61,0.27,72809,90625,54239,79846,36476,69937,50588,23.87,19.01,6.06,341790,100,0.34,5.68,2.92,32.77,60.03,1.88
22075,22,75,2020,,,,,,94.76,85,0,53571,43077,63000,86820,56006,48846,78024,40.09,12.55,5.24,18368,100,1.24,5.77,2.65,67.51,22.67,3.9
22087,22,87,2020,,,,,,94.51,87.25,0.39,58871,94444,44355,56767,43798,66176,54492,42.13,8.64,5.49,38602,100,0.79,9.17,2.16,73.52,18.92,1.71
22101,22,101,2020,,,,,,94.17,82.8,0.2,43571,63462,38662,65085,36109,81000,55336,41.93,8.04,5.83,43231,100,1.45,6.94,2.06,56.79,33.17,2.88
22103,22,103,2020,,,,,,95.57,88.65,0.15,44833,67405,65976,84194,57519,97326,79546,28.01,19.78,4.43,204201,100,0.66,5.16,1.75,82.42,12.85,1.32
22109,22,109,2020,,,,,,96.28,84.83,0.37,61559,34871,72660,74596,45693,122881,66627,40.3,9.75,3.72,93270,100,6.51,5.04,1.52,69.71,19.11,1.63
22113,22,113,2020,,,,,,94.89,77.66,0,88194,87069,71479,64283,33180,74609,59549,41.58,9.64,5.11,48550,100,0.52,2.96,2.16,79.9,14.58,2.03
28045,28,45,2020,,,,,,94,90,0,27683,96094,43933,59890,38664,62500,56958,33,14,6,38341,100,0.01,0.04,0.01,86,8,3
28047,28,47,2020,,,,,,94,87,0,66379,86207,51977,66480,40197,54623,59635,30,13,6,167550,100,0.01,0.06,0.03,66,25,3
28059,28,59,2020,,,,,,94,88,0,50728,84653,55464,73075,40771,81351,65732,32,13,6,115497,100,0.01,0.06,0.03,69,24,1
48007,48,7,2020,,,,,,96.08,79.73,0.26,38396,69318,38874,58556,46719,64394,56539,32.63,14.72,3.92,22303,100,1.06,25.76,1.88,84.24,1.87,3.26
48039,48,39,2020,,,,,,96.09,68.27,0.39,65476,72840,64473,87711,93329,124722,86377,25.29,18.37,3.91,278392,100,0.4,29.17,6.85,68.19,13.69,1.86
48057,48,57,2020,,,,,,96.6,62.8,0.18,43750,89706,39940,57410,59318,90625,55207,34.9,9.28,3.4,17704,100,0.69,48.93,6.08,74.82,3.32,2.87
48061,48,61,2020,,,,,,93.89,24.99,0.11,45068,92081,37278,42688,106792,105422,42073,24.85,11.73,6.11,319839,100,0.56,89.04,0.6,87.54,0.6,2.08
48071,48,71,2020,,,,,,96.05,74.67,0.12,65385,57143,62803,99119,63177,133036,91407,30.42,12.02,3.95,31145,100,0.42,18.91,1.27,75.8,9.09,1.78
48167,48,167,2020,,,,,,95.88,74.87,0.19,76297,75410,59525,89623,49415,86816,79901,24.01,20.03,4.12,263817,100,0.43,24.2,4,70.07,13.07,3.58
48201,48,201,2020,,,,,,96.42,52.54,1.08,58553,79229,49971,82799,53142,81341,70114,22.92,18.21,3.58,3685907,100,0.87,42.12,6.97,57.67,20.45,4.06
48239,48,239,2020,,,,,,97.26,77.35,0,52586,87500,55056,66841,32640,114286,63796,35.24,12.47,2.74,12462,100,0.32,32.24,0.45,83.1,7.66,2.58
48245,48,245,2020,,,,,,94.23,72.98,0.38,45649,90500,46944,71853,42977,72038,59157,33.92,13.21,5.77,211458,100,0.72,19.47,4.11,53.19,34.66,1.41
48261,48,261,2020,,,,,,97.58,74.08,0.26,100000,75000,47692,56250,25000,100000,57576,23.48,6.44,2.42,310,100,1.05,82.72,0.26,90.31,0.79,2.36
48273,48,273,2020,,,,,,96.87,47.23,0.17,71000,86842,41479,55742,31667,17963,52373,18.59,16.1,3.13,26405,100,0.85,72.95,1.9,82.16,3.43,3.35
48321,48,321,2020,,,,,,94.27,64.13,0.22,52049,66667,44195,61232,36245,34756,54082,33.94,11.65,5.73,29394,100,0.56,41.81,2.82,69.16,11.23,3.45
48355,48,355,2020,,,,,,96.5,55.44,0.19,51900,79386,48945,63778,46126,79558,59919,27.1,11.5,3.5,295282,100,0.85,62.98,2.18,76.55,4.74,2.7
48391,48,391,2020,,,,,,97.53,69.23,0.04,27500,89286,43353,60282,53667,46250,49194,33.81,6.45,2.47,6095,100,0.84,49.93,0.35,75.4,8.13,1.5
48409,48,409,2020,,,,,,94.64,59.34,0.05,68814,47857,53209,67681,60000,103283,66011,25.71,10.75,5.36,54144,100,0.45,57.22,1.28,87.11,1.57,3.07
48469,48,469,2020,,,,,,97.37,70.49,0.17,34877,87500,45588,69463,53289,133871,65258,31.16,13.56,2.63,74839,100,0.79,45.52,1.3,82.04,6.24,2.13
48489,48,489,2020,,,,,,92.41,44.4,0.36,39167,75000,29777,33290,100000,116667,32658,30.59,6.63,7.59,17424,100,0.2,87.79,0.7,89.1,1.59,1.4
1003,1,3,2021,,,,,,95,90,0,49897,67169,59381,69908,42639,79317,66911,0.28,0.19,0.05,174186,100,0.01,0.05,0.01,85,10,0.02
1053,1,53,2021,,,,,,94,93,0,76705,29712,34722,48847,33311,115385,42877,0.38,0.09,0.06,31962,100,0.03,0.02,0,58,35,0.02
1097,1,97,2021,,,,,,94,89,0,58924,63348,60587,67993,41616,73596,58099,0.32,0.14,0.06,344445,100,0.01,0.03,0.02,57,37,0.02
1099,1,99,2021,,,,,,92,93,0,48333,32273,85714,51365,31175,37727,41856,42,9,8,17886,100,0.01,0.01,0,52,45,2
12005,12,5,2021,,,,,,95.33,88.76,0.26,47361,71497,57535,64546,52298,68996,63391,30.08,14.97,4.67,156258,100,0.81,5.28,2.2,79.58,11.74,4.19
12013,12,13,2021,,,,,,94.77,86.56,0.12,34245,63636,27766,43706,40816,94118,43927,40.38,6.41,5.23,12309,100,1.23,5.95,0.83,79.74,14.38,2.57
12015,12,15,2021,,,,,,94.96,84.7,0.23,44558,83607,45666,59339,53725,88125,59247,31.86,14.27,5.04,159599,100,0.32,6.51,1.71,88.13,6.9,1.78
12017,12,17,2021,,,,,,93.68,90.61,0.03,53191,89865,51895,50491,54777,91985,51398,36.6,11.44,6.32,127063,100,0.39,5.52,1.95,91.26,3.81,1.68
12021,12,21,2021,,,,,,95.5,64.78,0.17,58354,86400,47594,77545,45508,88412,73400,26.35,19.76,4.5,316091,100,0.45,27.11,1.47,82.38,7.17,2.46
12029,12,29,2021,,,,,,94.79,91.79,0.01,35000,11739,29444,47685,35818,16667,46668,38.71,5.58,5.21,13659,100,0.62,3.74,0.44,84.47,11.51,2.18
12033,12,33,2021,,,,,,95.21,87.33,0.21,44986,48109,50515,65304,40367,69632,58732,27.97,16.4,4.79,267188,100,0.83,5.3,3.52,66.18,23.83,3.92
12037,12,37,2021,,,,,,95.93,86.37,0.05,70833,87500,81250,54953,23421,37500,52764,34.31,8.81,4.07,10562,100,0.74,5.75,0.3,80.35,15.1,1.87
12045,12,45,2021,,,,,,95.59,90.6,0,31667,15833,35000,53541,51217,116667,52736,34.75,9.81,4.41,14114,100,0.53,4.99,0.44,72.53,23.05,2.56
12053,12,53,2021,,,,,,94.21,85.08,0.34,50083,91743,45221,53283,50870,87587,53524,37.49,10.53,5.79,155258,100,0.52,11.87,1.17,87.26,6.01,2.92
12057,12,57,2021,,,,,,95.71,68.08,0.87,49862,80258,48743,71285,50201,90795,66025,27.68,19.35,4.29,1132111,100,0.38,26.53,4.19,67.05,18.33,4.13
12063,12,63,2021,,,,,,94.98,89.79,0.24,23810,60526,30370,56794,40345,110294,52249,34.89,9.75,5.02,42221,100,0.84,4.99,0.84,65.17,28.75,2.67
12065,12,65,2021,,,,,,94.96,86.54,0.1,102381,87500,94737,63488,35157,116667,54253,30.56,11.13,5.04,12213,100,0.36,5,0.4,57.48,37.7,1.88
12071,12,71,2021,,,,,,95.65,75.35,0.32,56793,80938,46591,66164,50239,101358,64600,31,16.36,4.35,618954,100,0.3,19.3,1.68,81.62,9.29,2.68
12075,12,75,2021,,,,,,95.05,88.51,0.07,23000,76316,41522,47666,31379,103000,46304,37.41,6.34,4.95,33288,100,0.57,8.8,0.69,84.57,9.95,2.19
12081,12,81,2021,,,,,,95.7,78.24,0.48,55722,90485,44286,65675,45530,92964,63150,31.23,16.88,4.3,317295,100,0.36,15.78,1.83,80.72,10.03,2.6
12087,12,87,2021,,,,,,96.96,70.94,0.27,74479,98214,53621,72957,65392,90385,72474,28.94,19.6,3.04,71470,100,0.58,22.83,1.39,87.5,6.31,2.48
12091,12,91,2021,,,,,,96.1,83.93,0.32,57720,80410,60255,73216,54858,55080,70022,26.21,16.9,3.9,169655,100,0.71,8.15,4.25,76.03,11.02,5.33
12101,12,101,2021,,,,,,95.03,80.7,0.56,60330,94118,61603,56420,79877,103168,58489,34.4,14.73,4.97,428207,100,0.5,13.2,2.72,85.62,5.54,3.13
12103,12,103,2021,,,,,,95.79,82.45,0.58,53605,93910,47953,62475,45671,80205,61191,29.47,19.2,4.21,840990,100,0.45,9.18,3.56,79.39,11.15,3.09
12113,12,113,2021,,,,,,95.88,88.27,0.22,58370,39954,66766,76362,63801,87121,74650,26.72,17.81,4.12,141414,100,0.84,5,2.56,84.54,7.22,3.88
12115,12,115,2021,,,,,,95.7,83.84,0.49,71814,91250,50169,65598,49814,109765,65546,29.97,19.46,4.3,368327,100,0.35,8.8,1.69,88.95,5.11,2
12123,12,123,2021,,,,,,94.34,89.16,0.03,34200,62500,56818,48488,29896,115000,46418,38.53,6.07,5.66,18820,100,1.13,3.89,0.63,71.38,23.79,1.84
12129,12,129,2021,,,,,,96.02,89.6,0.11,117553,36875,61170,69325,60443,92857,70226,39.09,11.22,3.98,27051,100,0.56,3.58,0.85,78.18,17.25,2.51
12131,12,131,2021,,,,,,96,86.41,0.22,38857,38750,66384,60244,28456,99444,58716,27.79,16.94,4,55725,100,1.04,6.01,1.32,86.56,6.22,2.38
22023,22,23,2021,,,,,,95.95,86.18,0,96875,95833,80357,78137,45000,100000,78401,39.98,13.65,4.05,5599,100,0.63,3.31,0.09,94.92,2.03,1.33
22045,22,45,2021,,,,,,93.31,80.55,0.05,51103,87791,94328,73006,37546,48448,59816,37.01,9.42,6.69,59871,100,0.53,3.64,2.91,58.76,33.53,2.2
22051,22,51,2021,,,,,,95.11,77.31,0.78,52997,85502,52287,72156,49301,80597,65210,30.39,15.91,4.89,371098,100,0.66,14.42,4.74,60.38,27.79,2.34
22057,22,57,2021,,,,,,95.4,78.86,0.06,64894,56513,66558,72847,34548,115833,66647,40,11.01,4.6,81833,100,2.7,4.33,1.1,76.86,14.16,2.56
22071,22,71,2021,,,,,,94.48,85.54,0.27,70950,90877,55951,79347,38115,76266,51589,23.88,19.02,5.52,340141,100,0.33,5.19,3.04,32.04,61.35,1.64
22075,22,75,2021,,,,,,95.24,84.76,0,46897,48421,64041,85960,57755,63889,78444,40.24,12.22,4.76,18728,100,1.94,5.21,4.56,66.29,21.49,3.76
22087,22,87,2021,,,,,,94.36,86.81,0.39,62500,93889,45410,55971,45076,69872,54591,42.45,8.65,5.64,37809,100,0.79,9.16,2.13,72.96,18.78,3.14
22101,22,101,2021,,,,,,93.65,82.13,0.2,44324,64935,40000,64541,37627,85648,55476,42.98,7.66,6.35,43466,100,1.82,6.89,1.97,56.29,33.71,2.58
22103,22,103,2021,,,,,,95.38,88.27,0.15,47318,68657,67551,83432,59931,102055,79223,27.8,19.49,4.62,205951,100,0.6,5.13,1.74,81.12,12.97,2.39
22109,22,109,2021,,,,,,94.92,84.34,0.37,66279,34536,73756,74071,47334,123000,66758,39.6,10,5.08,93339,100,6.43,4.6,1.15,67.26,20.47,2.92
22113,22,113,2021,,,,,,94.24,76.95,0,89179,85345,72794,63646,34407,81481,59215,40.96,10.17,5.76,48627,100,0.5,2.67,2.23,78.82,15.75,1.77
28045,28,45,2021,,,,,,94,90,0,27647,89167,45161,59495,39961,46250,56433,32,15,6,39016,100,0.01,0.03,0.01,86,9,2
28047,28,47,2021,,,,,,95,87,0,64919,81250,54627,65839,41900,59851,59828,29,13,5,167880,100,0,0.06,0.03,66,25,3
28059,28,59,2021,,,,,,94,87,0,52838,84247,56982,72297,42450,87395,65954,30,14,6,116526,100,0,0.06,0.02,69,23,3
48007,48,7,2021,,,,,,95.6,78.61,0.23,39528,66176,40321,57729,49444,67143,56791,31.09,13.84,4.4,22534,100,0.96,27.03,2.23,84.37,1.52,3.29
48039,48,39,2021,,,,,,96.03,68.4,0.39,68320,84627,66347,86933,96039,132691,87405,25.85,18.2,3.97,280576,100,0.73,29.05,6.77,68.13,13.53,2.66
48057,48,57,2021,,,,,,96.59,63.69,0.17,44000,88158,41085,56860,61504,96875,56142,33.71,9.68,3.41,17813,100,0.66,49.2,5.45,76.92,3.5,2.77
48061,48,61,2021,,,,,,93.95,23.36,0.11,45433,89597,38085,42240,111983,109783,42030,24.46,11.75,6.05,320822,100,0.48,89.14,0.7,87.97,0.7,1.72
48071,48,71,2021,,,,,,95.43,74.64,0.14,67623,61111,64699,97659,64645,139516,92419,31.96,12.62,4.57,31317,100,0.74,20.47,1.22,78.82,8.37,2.17
48167,48,167,2021,,,,,,95.67,75.28,0.21,76123,82054,61514,88728,51758,92441,80657,24.54,19.4,4.33,267175,100,0.79,24.04,3.6,70.84,13.93,3.22
48201,48,201,2021,,,,,,95.97,52.27,1.07,59055,80566,51941,82474,55705,87817,70836,22.74,18.32,4.03,3681641,100,0.83,42.18,6.79,56.17,19.87,3.9
48239,48,239,2021,,,,,,96.7,74.85,0,52500,90909,57323,66242,32722,107143,64160,34.95,11.48,3.3,12336,100,0.47,32.48,0.36,84.1,6.57,1.99
48245,48,245,2021,,,,,,94.07,72.85,0.37,49634,91146,48336,71156,44670,78023,59994,33.85,13.34,5.93,212811,100,0.7,19.46,4,52.32,33.64,2.53
48261,48,261,2021,,,,,,97.67,74.06,0.25,100000,75000,46000,56061,25000,100000,58088,23.44,6.96,2.33,323,100,1.25,80.55,0.25,89.28,1.25,2.24
48273,48,273,2021,,,,,,94.8,45.6,0.17,72348,84615,42493,55642,33571,20000,51180,18.64,16.57,5.2,26342,100,0.64,73.27,2.25,78.67,4.04,2.9
48321,48,321,2021,,,,,,94.2,64.38,0.22,57065,70833,45743,60459,37225,39286,54728,34.36,11.89,5.8,29989,100,0.66,41.76,2.7,71.06,11.03,2.89
48355,48,355,2021,,,,,,95.73,55.7,0.17,50879,78165,50500,62641,47604,87291,60486,27.21,12.3,4.27,296083,100,0.75,63.06,2.1,80.41,4.52,2.46
48391,48,391,2021,,,,,,95.41,67.39,0.04,33000,87500,44651,59311,56061,62500,50965,33.49,6.21,4.59,6170,100,0.62,52.39,0.67,76.06,7.31,2.23
48409,48,409,2021,,,,,,94.45,59.68,0.04,74603,57143,54995,66973,60000,109058,65632,26.31,10.08,5.55,54224,100,0.67,57.35,0.8,88.08,1.28,2.43
48469,48,469,2021,,,,,,96.38,70.79,0.18,35500,82212,46983,69087,55492,139000,65242,30.86,13.67,3.62,75599,100,0.62,45.89,1.27,80.67,7.66,1.88
48489,48,489,2021,,,,,,89.36,42.54,0.38,44265,86111,30379,32916,100000,116667,32555,32.27,6.37,10.64,17711,100,0.39,88.37,0.65,83.66,2.9,2.54
