GEO.id,GEO.id2,GEO.display-label,HD01_VD01,HD02_VD01
Id,Id2,Geography,Estimate; Gini Index,Margin of Error; Gini Index
0500000US01003,01003,"Baldwin County, Alabama",0.4564,0.0108
0500000US01025,01025,"Clarke County, Alabama",0.5310,0.0279
0500000US01053,01053,"Escambia County, Alabama",0.4645,0.0198
0500000US01061,01061,"Geneva County, Alabama",0.4567,0.0280
0500000US01097,01097,"Mobile County, Alabama",0.4693,0.0072
0500000US01099,01099,"Monroe County, Alabama",0.5194,0.0253
0500000US01129,01129,"Washington County, Alabama",0.4245,0.0224
0500000US12005,12005,"Bay County, Florida",0.4404,0.0096
0500000US12015,12015,"Charlotte County, Florida",0.4421,0.0122
0500000US12017,12017,"Citrus County, Florida",0.4601,0.0162
0500000US12021,12021,"Collier County, Florida",0.5338,0.0108
0500000US12033,12033,"Escambia County, Florida",0.4413,0.0090
0500000US12037,12037,"Franklin County, Florida",0.4641,0.0343
0500000US12045,12045,"Gulf County, Florida",0.4232,0.0272
0500000US12053,12053,"Hernando County, Florida",0.4211,0.0127
0500000US12057,12057,"Hillsborough County, Florida",0.4792,0.0040
0500000US12071,12071,"Lee County, Florida",0.4755,0.0059
0500000US12081,12081,"Manatee County, Florida",0.4622,0.0072
0500000US12091,12091,"Okaloosa County, Florida",0.4318,0.0099
0500000US12101,12101,"Pasco County, Florida",0.4465,0.0070
0500000US12103,12103,"Pinellas County, Florida",0.4860,0.0047
0500000US12113,12113,"Santa Rosa County, Florida",0.4301,0.0148
0500000US12115,12115,"Sarasota County, Florida",0.4820,0.0072
0500000US12131,12131,"Walton County, Florida",0.4942,0.0246
0500000US22001,22001,"Acadia Parish, Louisiana",0.4679,0.0126
0500000US22005,22005,"Ascension Parish, Louisiana",0.4041,0.0101
0500000US22007,22007,"Assumption Parish, Louisiana",0.4501,0.0284
0500000US22009,22009,"Avoyelles Parish, Louisiana",0.4878,0.0189
0500000US22011,22011,"Beauregard Parish, Louisiana",0.4486,0.0227
0500000US22019,22019,"Calcasieu Parish, Louisiana",0.4689,0.0096
0500000US22023,22023,"Cameron Parish, Louisiana",0.4129,0.0339
0500000US22033,22033,"East Baton Rouge Parish, Louisiana",0.4908,0.0077
0500000US22037,22037,"East Feliciana Parish, Louisiana",0.4504,0.0254
0500000US22039,22039,"Evangeline Parish, Louisiana",0.4986,0.0241
0500000US22045,22045,"Iberia Parish, Louisiana",0.4936,0.0289
0500000US22047,22047,"Iberville Parish, Louisiana",0.4803,0.0244
0500000US22051,22051,"Jefferson Parish, Louisiana",0.4725,0.0056
0500000US22053,22053,"Jefferson Davis Parish, Louisiana",0.4889,0.0173
0500000US22055,22055,"Lafayette Parish, Louisiana",0.4938,0.0083
0500000US22057,22057,"Lafourche Parish, Louisiana",0.4526,0.0137
0500000US22063,22063,"Livingston Parish, Louisiana",0.4255,0.0135
0500000US22071,22071,"Orleans Parish, Louisiana",0.5686,0.0064
0500000US22075,22075,"Plaquemines Parish, Louisiana",0.4527,0.0249
0500000US22077,22077,"Pointe Coupee Parish, Louisiana",0.4873,0.0301
0500000US22079,22079,"Rapides Parish, Louisiana",0.4682,0.0113
0500000US22085,22085,"Sabine Parish, Louisiana",0.4840,0.0127
0500000US22087,22087,"St. Bernard Parish, Louisiana",0.4336,0.0137
0500000US22089,22089,"St. Charles Parish, Louisiana",0.4192,0.0126
0500000US22091,22091,"St. Helena Parish, Louisiana",0.4785,0.0673
0500000US22093,22093,"St. James Parish, Louisiana",0.4430,0.0187
0500000US22095,22095,"St. John the Baptist Parish, Louisiana",0.4215,0.0180
0500000US22097,22097,"St. Landry Parish, Louisiana",0.5055,0.0143
0500000US22099,22099,"St. Martin Parish, Louisiana",0.4592,0.0167
0500000US22101,22101,"St. Mary Parish, Louisiana",0.4749,0.0156
0500000US22103,22103,"St. Tammany Parish, Louisiana",0.4577,0.0076
0500000US22105,22105,"Tangipahoa Parish, Louisiana",0.4671,0.0108
0500000US22109,22109,"Terrebonne Parish, Louisiana",0.4489,0.0123
0500000US22113,22113,"Vermilion Parish, Louisiana",0.4589,0.0159
0500000US22115,22115,"Vernon Parish, Louisiana",0.4104,0.0111
0500000US22117,22117,"Washington Parish, Louisiana",0.4956,0.0256
0500000US22121,22121,"West Baton Rouge Parish, Louisiana",0.4327,0.0174
0500000US22125,22125,"West Feliciana Parish, Louisiana",0.4553,0.0304
0500000US28005,28005,"Amite County, Mississippi",0.4577,0.0235
0500000US28031,28031,"Covington County, Mississippi",0.4442,0.0208
0500000US28039,28039,"George County, Mississippi",0.4595,0.0393
0500000US28045,28045,"Hancock County, Mississippi",0.4418,0.0203
0500000US28047,28047,"Harrison County, Mississippi",0.4486,0.0080
0500000US28059,28059,"Jackson County, Mississippi",0.4554,0.0126
0500000US28073,28073,"Lamar County, Mississippi",0.4609,0.0188
0500000US28091,28091,"Marion County, Mississippi",0.5155,0.0320
0500000US28109,28109,"Pearl River County, Mississippi",0.4267,0.0147
0500000US28113,28113,"Pike County, Mississippi",0.4855,0.0230
0500000US28131,28131,"Stone County, Mississippi",0.4048,0.0314
0500000US28147,28147,"Walthall County, Mississippi",0.5061,0.0299
0500000US28157,28157,"Wilkinson County, Mississippi",0.4734,0.0389
0500000US48007,48007,"Aransas County, Texas",0.5134,0.0367
0500000US48015,48015,"Austin County, Texas",0.4464,0.0215
0500000US48025,48025,"Bee County, Texas",0.4750,0.0271
0500000US48039,48039,"Brazoria County, Texas",0.4304,0.0100
0500000US48047,48047,"Brooks County, Texas",0.5338,0.0614
0500000US48057,48057,"Calhoun County, Texas",0.4141,0.0195
0500000US48061,48061,"Cameron County, Texas",0.4956,0.0069
0500000US48071,48071,"Chambers County, Texas",0.4390,0.0248
0500000US48089,48089,"Colorado County, Texas",0.4835,0.0317
0500000US48123,48123,"DeWitt County, Texas",0.5395,0.0341
0500000US48131,48131,"Duval County, Texas",0.5198,0.0474
0500000US48149,48149,"Fayette County, Texas",0.5003,0.0329
0500000US48157,48157,"Fort Bend County, Texas",0.4248,0.0067
0500000US48167,48167,"Galveston County, Texas",0.4619,0.0067
0500000US48175,48175,"Goliad County, Texas",0.4886,0.0482
0500000US48201,48201,"Harris County, Texas",0.4985,0.0024
0500000US48215,48215,"Hidalgo County, Texas",0.4924,0.0062
0500000US48239,48239,"Jackson County, Texas",0.4334,0.0290
0500000US48241,48241,"Jasper County, Texas",0.4378,0.0148
0500000US48245,48245,"Jefferson County, Texas",0.4909,0.0098
0500000US48247,48247,"Jim Hogg County, Texas",0.4641,0.0387
0500000US48249,48249,"Jim Wells County, Texas",0.5005,0.0310
0500000US48261,48261,"Kenedy County, Texas",0.3863,0.0711
0500000US48273,48273,"Kleberg County, Texas",0.4712,0.0231
0500000US48285,48285,"Lavaca County, Texas",0.4480,0.0190
0500000US48291,48291,"Liberty County, Texas",0.4386,0.0156
0500000US48297,48297,"Live Oak County, Texas",0.4222,0.0260
0500000US48321,48321,"Matagorda County, Texas",0.4625,0.0159
0500000US48351,48351,"Newton County, Texas",0.4276,0.0217
0500000US48355,48355,"Nueces County, Texas",0.4632,0.0087
0500000US48361,48361,"Orange County, Texas",0.4499,0.0166
0500000US48391,48391,"Refugio County, Texas",0.4740,0.0428
0500000US48409,48409,"San Patricio County, Texas",0.4370,0.0222
0500000US48427,48427,"Starr County, Texas",0.5023,0.0318
0500000US48457,48457,"Tyler County, Texas",0.4190,0.0191
0500000US48469,48469,"Victoria County, Texas",0.4506,0.0153
0500000US48473,48473,"Waller County, Texas",0.4596,0.0220
0500000US48477,48477,"Washington County, Texas",0.4450,0.0341
0500000US48479,48479,"Webb County, Texas",0.4788,0.0097
0500000US48481,48481,"Wharton County, Texas",0.4435,0.0149
0500000US48489,48489,"Willacy County, Texas",0.5157,0.0230
