GEO.id,GEO.id2,GEO.display-label,HD01_VD01,HD02_VD01
Id,Id2,Geography,Estimate; Gini Index,Margin of Error; Gini Index
0500000US01003,01003,"Baldwin County, Alabama",0.4517,0.0093
0500000US01025,01025,"Clarke County, Alabama",0.5249,0.0306
0500000US01053,01053,"Escambia County, Alabama",0.4742,0.0166
0500000US01061,01061,"Geneva County, Alabama",0.4480,0.0227
0500000US01097,01097,"Mobile County, Alabama",0.4732,0.0075
0500000US01099,01099,"Monroe County, Alabama",0.4920,0.0259
0500000US01129,01129,"Washington County, Alabama",0.4169,0.0185
0500000US12005,12005,"Bay County, Florida",0.4347,0.0091
0500000US12015,12015,"Charlotte County, Florida",0.4314,0.0094
0500000US12017,12017,"Citrus County, Florida",0.4511,0.0167
0500000US12021,12021,"Collier County, Florida",0.5324,0.0137
0500000US12033,12033,"Escambia County, Florida",0.4504,0.0097
0500000US12037,12037,"Franklin County, Florida",0.4904,0.0450
0500000US12045,12045,"Gulf County, Florida",0.4413,0.0249
0500000US12053,12053,"Hernando County, Florida",0.4201,0.0120
0500000US12057,12057,"Hillsborough County, Florida",0.4792,0.0043
0500000US12071,12071,"Lee County, Florida",0.4727,0.0065
0500000US12081,12081,"Manatee County, Florida",0.4626,0.0074
0500000US12091,12091,"Okaloosa County, Florida",0.4349,0.0110
0500000US12101,12101,"Pasco County, Florida",0.4419,0.0066
0500000US12103,12103,"Pinellas County, Florida",0.4791,0.0048
0500000US12113,12113,"Santa Rosa County, Florida",0.4229,0.0118
0500000US12115,12115,"Sarasota County, Florida",0.4811,0.0090
0500000US12131,12131,"Walton County, Florida",0.4796,0.0145
0500000US22001,22001,"Acadia Parish, Louisiana",0.4636,0.0132
0500000US22005,22005,"Ascension Parish, Louisiana",0.4035,0.0118
0500000US22007,22007,"Assumption Parish, Louisiana",0.4502,0.0281
0500000US22009,22009,"Avoyelles Parish, Louisiana",0.4635,0.0153
0500000US22011,22011,"Beauregard Parish, Louisiana",0.4515,0.0211
0500000US22019,22019,"Calcasieu Parish, Louisiana",0.4717,0.0088
0500000US22023,22023,"Cameron Parish, Louisiana",0.4073,0.0337
0500000US22033,22033,"East Baton Rouge Parish, Louisiana",0.4873,0.0074
0500000US22037,22037,"East Feliciana Parish, Louisiana",0.4504,0.0277
0500000US22039,22039,"Evangeline Parish, Louisiana",0.4985,0.0171
0500000US22045,22045,"Iberia Parish, Louisiana",0.4816,0.0275
0500000US22047,22047,"Iberville Parish, Louisiana",0.4881,0.0262
0500000US22051,22051,"Jefferson Parish, Louisiana",0.4742,0.0070
0500000US22053,22053,"Jefferson Davis Parish, Louisiana",0.4834,0.0184
0500000US22055,22055,"Lafayette Parish, Louisiana",0.4868,0.0088
0500000US22057,22057,"Lafourche Parish, Louisiana",0.4559,0.0150
0500000US22063,22063,"Livingston Parish, Louisiana",0.4229,0.0151
0500000US22071,22071,"Orleans Parish, Louisiana",0.5618,0.0069
0500000US22075,22075,"Plaquemines Parish, Louisiana",0.4412,0.0204
0500000US22077,22077,"Pointe Coupee Parish, Louisiana",0.4616,0.0295
0500000US22079,22079,"Rapides Parish, Louisiana",0.4756,0.0159
0500000US22085,22085,"Sabine Parish, Louisiana",0.5030,0.0164
0500000US22087,22087,"St. Bernard Parish, Louisiana",0.4302,0.0134
0500000US22089,22089,"St. Charles Parish, Louisiana",0.4195,0.0158
0500000US22091,22091,"St. Helena Parish, Louisiana",0.4897,0.0761
0500000US22093,22093,"St. James Parish, Louisiana",0.4416,0.0169
0500000US22095,22095,"St. John the Baptist Parish, Louisiana",0.4227,0.0208
0500000US22097,22097,"St. Landry Parish, Louisiana",0.4973,0.0141
0500000US22099,22099,"St. Martin Parish, Louisiana",0.4611,0.0183
0500000US22101,22101,"St. Mary Parish, Louisiana",0.4626,0.0138
0500000US22103,22103,"St. Tammany Parish, Louisiana",0.4543,0.0072
0500000US22105,22105,"Tangipahoa Parish, Louisiana",0.4626,0.0133
0500000US22109,22109,"Terrebonne Parish, Louisiana",0.4452,0.0125
0500000US22113,22113,"Vermilion Parish, Louisiana",0.4620,0.0198
0500000US22115,22115,"Vernon Parish, Louisiana",0.3996,0.0104
0500000US22117,22117,"Washington Parish, Louisiana",0.4882,0.0226
0500000US22121,22121,"West Baton Rouge Parish, Louisiana",0.4380,0.0164
0500000US22125,22125,"West Feliciana Parish, Louisiana",0.4655,0.0321
0500000US28005,28005,"Amite County, Mississippi",0.4598,0.0277
0500000US28031,28031,"Covington County, Mississippi",0.4512,0.0217
0500000US28039,28039,"George County, Mississippi",0.4486,0.0345
0500000US28045,28045,"Hancock County, Mississippi",0.4368,0.0163
0500000US28047,28047,"Harrison County, Mississippi",0.4473,0.0118
0500000US28059,28059,"Jackson County, Mississippi",0.4484,0.0147
0500000US28073,28073,"Lamar County, Mississippi",0.4639,0.0180
0500000US28091,28091,"Marion County, Mississippi",0.5211,0.0308
0500000US28109,28109,"Pearl River County, Mississippi",0.4470,0.0172
0500000US28113,28113,"Pike County, Mississippi",0.4871,0.0229
0500000US28131,28131,"Stone County, Mississippi",0.4137,0.0293
0500000US28147,28147,"Walthall County, Mississippi",0.4717,0.0288
0500000US28157,28157,"Wilkinson County, Mississippi",0.4490,0.0376
0500000US48007,48007,"Aransas County, Texas",0.4775,0.0278
0500000US48015,48015,"Austin County, Texas",0.4384,0.0224
0500000US48025,48025,"Bee County, Texas",0.4730,0.0318
0500000US48039,48039,"Brazoria County, Texas",0.4276,0.0107
0500000US48047,48047,"Brooks County, Texas",0.5242,0.0479
0500000US48057,48057,"Calhoun County, Texas",0.4318,0.0205
0500000US48061,48061,"Cameron County, Texas",0.4942,0.0074
0500000US48071,48071,"Chambers County, Texas",0.4268,0.0249
0500000US48089,48089,"Colorado County, Texas",0.4679,0.0336
0500000US48123,48123,"DeWitt County, Texas",0.5061,0.0322
0500000US48131,48131,"Duval County, Texas",0.5413,0.0522
0500000US48149,48149,"Fayette County, Texas",0.4960,0.0289
0500000US48157,48157,"Fort Bend County, Texas",0.4284,0.0061
0500000US48167,48167,"Galveston County, Texas",0.4564,0.0063
0500000US48175,48175,"Goliad County, Texas",0.4960,0.0491
0500000US48201,48201,"Harris County, Texas",0.4956,0.0023
0500000US48215,48215,"Hidalgo County, Texas",0.4901,0.0068
0500000US48239,48239,"Jackson County, Texas",0.4093,0.0213
0500000US48241,48241,"Jasper County, Texas",0.4437,0.0142
0500000US48245,48245,"Jefferson County, Texas",0.4942,0.0098
0500000US48247,48247,"Jim Hogg County, Texas",0.4737,0.0461
0500000US48249,48249,"Jim Wells County, Texas",0.4769,0.0229
0500000US48261,48261,"Kenedy County, Texas",0.3705,0.0551
0500000US48273,48273,"Kleberg County, Texas",0.4802,0.0265
0500000US48285,48285,"Lavaca County, Texas",0.4377,0.0157
0500000US48291,48291,"Liberty County, Texas",0.4330,0.0126
0500000US48297,48297,"Live Oak County, Texas",0.4213,0.0218
0500000US48321,48321,"Matagorda County, Texas",0.4746,0.0187
0500000US48351,48351,"Newton County, Texas",0.4640,0.0444
0500000US48355,48355,"Nueces County, Texas",0.4612,0.0093
0500000US48361,48361,"Orange County, Texas",0.4535,0.0182
0500000US48391,48391,"Refugio County, Texas",0.4548,0.0440
0500000US48409,48409,"San Patricio County, Texas",0.4341,0.0239
0500000US48427,48427,"Starr County, Texas",0.4887,0.0143
0500000US48457,48457,"Tyler County, Texas",0.4179,0.0150
0500000US48469,48469,"Victoria County, Texas",0.4514,0.0151
0500000US48473,48473,"Waller County, Texas",0.4556,0.0234
0500000US48477,48477,"Washington County, Texas",0.4275,0.0178
0500000US48479,48479,"Webb County, Texas",0.4782,0.0118
0500000US48481,48481,"Wharton County, Texas",0.4492,0.0176
0500000US48489,48489,"Willacy County, Texas",0.5001,0.0206
