GEO.id,GEO.id2,GEO.display-label,HD01_VD01,HD02_VD01
Id,Id2,Geography,Estimate; Gini Index,Margin of Error; Gini Index
0500000US01003,01003,"Baldwin County, Alabama",0.4370,0.0103
0500000US01025,01025,"Clarke County, Alabama",0.5128,0.0336
0500000US01053,01053,"Escambia County, Alabama",0.4606,0.0177
0500000US01061,01061,"Geneva County, Alabama",0.4673,0.0363
0500000US01097,01097,"Mobile County, Alabama",0.4709,0.0071
0500000US01099,01099,"Monroe County, Alabama",0.4841,0.0300
0500000US01129,01129,"Washington County, Alabama",0.4441,0.0158
0500000US12005,12005,"Bay County, Florida",0.4177,0.0113
0500000US12015,12015,"Charlotte County, Florida",0.4330,0.0111
0500000US12017,12017,"Citrus County, Florida",0.4390,0.0138
0500000US12021,12021,"Collier County, Florida",0.5351,0.0099
0500000US12033,12033,"Escambia County, Florida",0.4584,0.0095
0500000US12037,12037,"Franklin County, Florida",0.4721,0.0338
0500000US12045,12045,"Gulf County, Florida",0.4008,0.0258
0500000US12053,12053,"Hernando County, Florida",0.4158,0.0137
0500000US12057,12057,"Hillsborough County, Florida",0.4697,0.0054
0500000US12071,12071,"Lee County, Florida",0.4734,0.0072
0500000US12081,12081,"Manatee County, Florida",0.4574,0.0081
0500000US12091,12091,"Okaloosa County, Florida",0.4296,0.0094
0500000US12101,12101,"Pasco County, Florida",0.4344,0.0070
0500000US12103,12103,"Pinellas County, Florida",0.4687,0.0050
0500000US12113,12113,"Santa Rosa County, Florida",0.4075,0.0115
0500000US12115,12115,"Sarasota County, Florida",0.4830,0.0085
0500000US12131,12131,"Walton County, Florida",0.4757,0.0241
0500000US22001,22001,"Acadia Parish, Louisiana",0.4569,0.0163
0500000US22005,22005,"Ascension Parish, Louisiana",0.4050,0.0146
0500000US22007,22007,"Assumption Parish, Louisiana",0.4295,0.0181
0500000US22009,22009,"Avoyelles Parish, Louisiana",0.4609,0.0168
0500000US22011,22011,"Beauregard Parish, Louisiana",0.4261,0.0150
0500000US22019,22019,"Calcasieu Parish, Louisiana",0.4726,0.0097
0500000US22023,22023,"Cameron Parish, Louisiana",0.3974,0.0422
0500000US22033,22033,"East Baton Rouge Parish, Louisiana",0.4859,0.0074
0500000US22037,22037,"East Feliciana Parish, Louisiana",0.4636,0.0257
0500000US22039,22039,"Evangeline Parish, Louisiana",0.4735,0.0206
0500000US22045,22045,"Iberia Parish, Louisiana",0.4678,0.0248
0500000US22047,22047,"Iberville Parish, Louisiana",0.4999,0.0417
0500000US22051,22051,"Jefferson Parish, Louisiana",0.4632,0.0058
0500000US22053,22053,"Jefferson Davis Parish, Louisiana",0.4447,0.0201
0500000US22055,22055,"Lafayette Parish, Louisiana",0.4894,0.0110
0500000US22057,22057,"Lafourche Parish, Louisiana",0.4716,0.0187
0500000US22063,22063,"Livingston Parish, Louisiana",0.4053,0.0104
0500000US22071,22071,"Orleans Parish, Louisiana",0.5447,0.0086
0500000US22075,22075,"Plaquemines Parish, Louisiana",0.4032,0.0155
0500000US22077,22077,"Pointe Coupee Parish, Louisiana",0.4482,0.0271
0500000US22079,22079,"Rapides Parish, Louisiana",0.4678,0.0133
0500000US22085,22085,"Sabine Parish, Louisiana",0.4939,0.0256
0500000US22087,22087,"St. Bernard Parish, Louisiana",0.4195,0.0167
0500000US22089,22089,"St. Charles Parish, Louisiana",0.4132,0.0141
0500000US22091,22091,"St. Helena Parish, Louisiana",0.4754,0.0389
0500000US22093,22093,"St. James Parish, Louisiana",0.4343,0.0201
0500000US22095,22095,"St. John the Baptist Parish, Louisiana",0.4100,0.0156
0500000US22097,22097,"St. Landry Parish, Louisiana",0.4971,0.0133
0500000US22099,22099,"St. Martin Parish, Louisiana",0.4596,0.0201
0500000US22101,22101,"St. Mary Parish, Louisiana",0.4434,0.0130
0500000US22103,22103,"St. Tammany Parish, Louisiana",0.4463,0.0087
0500000US22105,22105,"Tangipahoa Parish, Louisiana",0.4700,0.0116
0500000US22109,22109,"Terrebonne Parish, Louisiana",0.4465,0.0137
0500000US22113,22113,"Vermilion Parish, Louisiana",0.4574,0.0190
0500000US22115,22115,"Vernon Parish, Louisiana",0.4011,0.0101
0500000US22117,22117,"Washington Parish, Louisiana",0.5078,0.0228
0500000US22121,22121,"West Baton Rouge Parish, Louisiana",0.4230,0.0163
0500000US22125,22125,"West Feliciana Parish, Louisiana",0.4446,0.0252
0500000US28005,28005,"Amite County, Mississippi",0.4829,0.0336
0500000US28031,28031,"Covington County, Mississippi",0.4765,0.0204
0500000US28039,28039,"George County, Mississippi",0.4149,0.0224
0500000US28045,28045,"Hancock County, Mississippi",0.4487,0.0183
0500000US28047,28047,"Harrison County, Mississippi",0.4505,0.0111
0500000US28059,28059,"Jackson County, Mississippi",0.4338,0.0126
0500000US28073,28073,"Lamar County, Mississippi",0.4895,0.0210
0500000US28091,28091,"Marion County, Mississippi",0.4902,0.0236
0500000US28109,28109,"Pearl River County, Mississippi",0.4481,0.0163
0500000US28113,28113,"Pike County, Mississippi",0.5013,0.0249
0500000US28131,28131,"Stone County, Mississippi",0.5033,0.0955
0500000US28147,28147,"Walthall County, Mississippi",0.4740,0.0281
0500000US28157,28157,"Wilkinson County, Mississippi",0.5081,0.0988
0500000US48007,48007,"Aransas County, Texas",0.4705,0.0298
0500000US48015,48015,"Austin County, Texas",0.4548,0.0276
0500000US48025,48025,"Bee County, Texas",0.4620,0.0276
0500000US48039,48039,"Brazoria County, Texas",0.4183,0.0069
0500000US48047,48047,"Brooks County, Texas",0.5201,0.0283
0500000US48057,48057,"Calhoun County, Texas",0.4354,0.0197
0500000US48061,48061,"Cameron County, Texas",0.4929,0.0090
0500000US48071,48071,"Chambers County, Texas",0.3911,0.0225
0500000US48089,48089,"Colorado County, Texas",0.4731,0.0271
0500000US48123,48123,"DeWitt County, Texas",0.4773,0.0340
0500000US48131,48131,"Duval County, Texas",0.4616,0.0450
0500000US48149,48149,"Fayette County, Texas",0.4633,0.0304
0500000US48157,48157,"Fort Bend County, Texas",0.4204,0.0062
0500000US48167,48167,"Galveston County, Texas",0.4540,0.0074
0500000US48175,48175,"Goliad County, Texas",0.4603,0.0521
0500000US48201,48201,"Harris County, Texas",0.4911,0.0030
0500000US48215,48215,"Hidalgo County, Texas",0.4918,0.0073
0500000US48239,48239,"Jackson County, Texas",0.4446,0.0261
0500000US48241,48241,"Jasper County, Texas",0.4390,0.0185
0500000US48245,48245,"Jefferson County, Texas",0.4733,0.0104
0500000US48247,48247,"Jim Hogg County, Texas",0.4267,0.0575
0500000US48249,48249,"Jim Wells County, Texas",0.4622,0.0184
0500000US48261,48261,"Kenedy County, Texas",0.3914,0.1460
0500000US48273,48273,"Kleberg County, Texas",0.4884,0.0254
0500000US48285,48285,"Lavaca County, Texas",0.4255,0.0204
0500000US48291,48291,"Liberty County, Texas",0.4223,0.0114
0500000US48297,48297,"Live Oak County, Texas",0.4314,0.0381
0500000US48321,48321,"Matagorda County, Texas",0.4755,0.0234
0500000US48351,48351,"Newton County, Texas",0.4573,0.0438
0500000US48355,48355,"Nueces County, Texas",0.4718,0.0087
0500000US48361,48361,"Orange County, Texas",0.4311,0.0148
0500000US48391,48391,"Refugio County, Texas",0.4244,0.0293
0500000US48409,48409,"San Patricio County, Texas",0.4383,0.0208
0500000US48427,48427,"Starr County, Texas",0.5197,0.0249
0500000US48457,48457,"Tyler County, Texas",0.4443,0.0309
0500000US48469,48469,"Victoria County, Texas",0.4460,0.0167
0500000US48473,48473,"Waller County, Texas",0.4555,0.0212
0500000US48477,48477,"Washington County, Texas",0.4859,0.0296
0500000US48479,48479,"Webb County, Texas",0.4594,0.0096
0500000US48481,48481,"Wharton County, Texas",0.4671,0.0253
0500000US48489,48489,"Willacy County, Texas",0.5524,0.0300
