GEO.id,GEO.id2,GEO.display-label,HD01_VD01,HD02_VD01
Id,Id2,Geography,Estimate; Gini Index,Margin of Error; Gini Index
0500000US01003,01003,"Baldwin County, Alabama",0.4364,0.0100
0500000US01025,01025,"Clarke County, Alabama",0.5200,0.0302
0500000US01053,01053,"Escambia County, Alabama",0.4656,0.0181
0500000US01061,01061,"Geneva County, Alabama",0.4525,0.0366
0500000US01097,01097,"Mobile County, Alabama",0.4695,0.0063
0500000US01099,01099,"Monroe County, Alabama",0.4709,0.0260
0500000US01129,01129,"Washington County, Alabama",0.4428,0.0183
0500000US12005,12005,"Bay County, Florida",0.4180,0.0103
0500000US12015,12015,"Charlotte County, Florida",0.4323,0.0135
0500000US12017,12017,"Citrus County, Florida",0.4443,0.0140
0500000US12021,12021,"Collier County, Florida",0.5344,0.0120
0500000US12033,12033,"Escambia County, Florida",0.4523,0.0072
0500000US12037,12037,"Franklin County, Florida",0.4775,0.0328
0500000US12045,12045,"Gulf County, Florida",0.4321,0.0256
0500000US12053,12053,"Hernando County, Florida",0.4137,0.0125
0500000US12057,12057,"Hillsborough County, Florida",0.4726,0.0047
0500000US12071,12071,"Lee County, Florida",0.4724,0.0066
0500000US12081,12081,"Manatee County, Florida",0.4599,0.0075
0500000US12091,12091,"Okaloosa County, Florida",0.4243,0.0086
0500000US12101,12101,"Pasco County, Florida",0.4411,0.0072
0500000US12103,12103,"Pinellas County, Florida",0.4702,0.0046
0500000US12113,12113,"Santa Rosa County, Florida",0.4117,0.0110
0500000US12115,12115,"Sarasota County, Florida",0.4827,0.0082
0500000US12131,12131,"Walton County, Florida",0.4796,0.0213
0500000US22001,22001,"Acadia Parish, Louisiana",0.4421,0.0115
0500000US22005,22005,"Ascension Parish, Louisiana",0.4044,0.0126
0500000US22007,22007,"Assumption Parish, Louisiana",0.4419,0.0238
0500000US22009,22009,"Avoyelles Parish, Louisiana",0.4762,0.0238
0500000US22011,22011,"Beauregard Parish, Louisiana",0.4286,0.0144
0500000US22019,22019,"Calcasieu Parish, Louisiana",0.4717,0.0097
0500000US22023,22023,"Cameron Parish, Louisiana",0.3988,0.0377
0500000US22033,22033,"East Baton Rouge Parish, Louisiana",0.4851,0.0076
0500000US22037,22037,"East Feliciana Parish, Louisiana",0.4653,0.0260
0500000US22039,22039,"Evangeline Parish, Louisiana",0.4838,0.0233
0500000US22045,22045,"Iberia Parish, Louisiana",0.4745,0.0231
0500000US22047,22047,"Iberville Parish, Louisiana",0.5069,0.0459
0500000US22051,22051,"Jefferson Parish, Louisiana",0.4643,0.0051
0500000US22053,22053,"Jefferson Davis Parish, Louisiana",0.4586,0.0146
0500000US22055,22055,"Lafayette Parish, Louisiana",0.4946,0.0112
0500000US22057,22057,"Lafourche Parish, Louisiana",0.4574,0.0170
0500000US22063,22063,"Livingston Parish, Louisiana",0.4126,0.0137
0500000US22071,22071,"Orleans Parish, Louisiana",0.5521,0.0079
0500000US22075,22075,"Plaquemines Parish, Louisiana",0.4156,0.0188
0500000US22077,22077,"Pointe Coupee Parish, Louisiana",0.4387,0.0221
0500000US22079,22079,"Rapides Parish, Louisiana",0.4722,0.0161
0500000US22085,22085,"Sabine Parish, Louisiana",0.4933,0.0285
0500000US22087,22087,"St. Bernard Parish, Louisiana",0.4303,0.0158
0500000US22089,22089,"St. Charles Parish, Louisiana",0.4069,0.0129
0500000US22091,22091,"St. Helena Parish, Louisiana",0.4627,0.0381
0500000US22093,22093,"St. James Parish, Louisiana",0.4454,0.0194
0500000US22095,22095,"St. John the Baptist Parish, Louisiana",0.4093,0.0167
0500000US22097,22097,"St. Landry Parish, Louisiana",0.4921,0.0129
0500000US22099,22099,"St. Martin Parish, Louisiana",0.4578,0.0184
0500000US22101,22101,"St. Mary Parish, Louisiana",0.4554,0.0139
0500000US22103,22103,"St. Tammany Parish, Louisiana",0.4502,0.0096
0500000US22105,22105,"Tangipahoa Parish, Louisiana",0.4661,0.0130
0500000US22109,22109,"Terrebonne Parish, Louisiana",0.4454,0.0151
0500000US22113,22113,"Vermilion Parish, Louisiana",0.4602,0.0179
0500000US22115,22115,"Vernon Parish, Louisiana",0.3946,0.0105
0500000US22117,22117,"Washington Parish, Louisiana",0.4926,0.0235
0500000US22121,22121,"West Baton Rouge Parish, Louisiana",0.4279,0.0192
0500000US22125,22125,"West Feliciana Parish, Louisiana",0.4480,0.0268
0500000US28005,28005,"Amite County, Mississippi",0.4745,0.0340
0500000US28031,28031,"Covington County, Mississippi",0.4639,0.0234
0500000US28039,28039,"George County, Mississippi",0.4003,0.0259
0500000US28045,28045,"Hancock County, Mississippi",0.4478,0.0164
0500000US28047,28047,"Harrison County, Mississippi",0.4537,0.0111
0500000US28059,28059,"Jackson County, Mississippi",0.4504,0.0149
0500000US28073,28073,"Lamar County, Mississippi",0.4861,0.0272
0500000US28091,28091,"Marion County, Mississippi",0.4896,0.0323
0500000US28109,28109,"Pearl River County, Mississippi",0.4462,0.0147
0500000US28113,28113,"Pike County, Mississippi",0.4955,0.0290
0500000US28131,28131,"Stone County, Mississippi",0.5023,0.0852
0500000US28147,28147,"Walthall County, Mississippi",0.4952,0.0263
0500000US28157,28157,"Wilkinson County, Mississippi",0.4930,0.0949
0500000US48007,48007,"Aransas County, Texas",0.4722,0.0247
0500000US48015,48015,"Austin County, Texas",0.4502,0.0244
0500000US48025,48025,"Bee County, Texas",0.4758,0.0287
0500000US48039,48039,"Brazoria County, Texas",0.4222,0.0098
0500000US48047,48047,"Brooks County, Texas",0.5344,0.0382
0500000US48057,48057,"Calhoun County, Texas",0.4425,0.0217
0500000US48061,48061,"Cameron County, Texas",0.4941,0.0082
0500000US48071,48071,"Chambers County, Texas",0.4048,0.0218
0500000US48089,48089,"Colorado County, Texas",0.4784,0.0279
0500000US48123,48123,"DeWitt County, Texas",0.4865,0.0340
0500000US48131,48131,"Duval County, Texas",0.4748,0.0506
0500000US48149,48149,"Fayette County, Texas",0.4822,0.0312
0500000US48157,48157,"Fort Bend County, Texas",0.4200,0.0062
0500000US48167,48167,"Galveston County, Texas",0.4536,0.0081
0500000US48175,48175,"Goliad County, Texas",0.4770,0.0470
0500000US48201,48201,"Harris County, Texas",0.4918,0.0025
0500000US48215,48215,"Hidalgo County, Texas",0.4950,0.0060
0500000US48239,48239,"Jackson County, Texas",0.4372,0.0261
0500000US48241,48241,"Jasper County, Texas",0.4444,0.0165
0500000US48245,48245,"Jefferson County, Texas",0.4792,0.0094
0500000US48247,48247,"Jim Hogg County, Texas",0.4153,0.0495
0500000US48249,48249,"Jim Wells County, Texas",0.4716,0.0250
0500000US48261,48261,"Kenedy County, Texas",0.3767,0.0902
0500000US48273,48273,"Kleberg County, Texas",0.4783,0.0207
0500000US48285,48285,"Lavaca County, Texas",0.4404,0.0218
0500000US48291,48291,"Liberty County, Texas",0.4261,0.0126
0500000US48297,48297,"Live Oak County, Texas",0.4477,0.0424
0500000US48321,48321,"Matagorda County, Texas",0.4755,0.0261
0500000US48351,48351,"Newton County, Texas",0.4646,0.0436
0500000US48355,48355,"Nueces County, Texas",0.4657,0.0073
0500000US48361,48361,"Orange County, Texas",0.4453,0.0133
0500000US48391,48391,"Refugio County, Texas",0.4441,0.0494
0500000US48409,48409,"San Patricio County, Texas",0.4406,0.0245
0500000US48427,48427,"Starr County, Texas",0.5128,0.0223
0500000US48457,48457,"Tyler County, Texas",0.4179,0.0178
0500000US48469,48469,"Victoria County, Texas",0.4460,0.0155
0500000US48473,48473,"Waller County, Texas",0.4466,0.0229
0500000US48477,48477,"Washington County, Texas",0.4571,0.0241
0500000US48479,48479,"Webb County, Texas",0.4604,0.0076
0500000US48481,48481,"Wharton County, Texas",0.4751,0.0206
0500000US48489,48489,"Willacy County, Texas",0.5339,0.0281
