GEO.id,GEO.id2,GEO.display-label,HD01_VD01,HD02_VD01
Id,Id2,Geography,Estimate; Gini Index,Margin of Error; Gini Index
0500000US01003,01003,"Baldwin County, Alabama",0.4455,0.0095
0500000US01025,01025,"Clarke County, Alabama",0.5205,0.0351
0500000US01053,01053,"Escambia County, Alabama",0.4777,0.0195
0500000US01061,01061,"Geneva County, Alabama",0.4572,0.0326
0500000US01097,01097,"Mobile County, Alabama",0.4711,0.0065
0500000US01099,01099,"Monroe County, Alabama",0.4774,0.0243
0500000US01129,01129,"Washington County, Alabama",0.4381,0.0227
0500000US12005,12005,"Bay County, Florida",0.4234,0.0073
0500000US12015,12015,"Charlotte County, Florida",0.4324,0.0138
0500000US12017,12017,"Citrus County, Florida",0.4404,0.0138
0500000US12021,12021,"Collier County, Florida",0.5306,0.0099
0500000US12033,12033,"Escambia County, Florida",0.4526,0.0081
0500000US12037,12037,"Franklin County, Florida",0.4701,0.0373
0500000US12045,12045,"Gulf County, Florida",0.4281,0.0289
0500000US12053,12053,"Hernando County, Florida",0.4190,0.0109
0500000US12057,12057,"Hillsborough County, Florida",0.4771,0.0043
0500000US12071,12071,"Lee County, Florida",0.4720,0.0065
0500000US12081,12081,"Manatee County, Florida",0.4597,0.0081
0500000US12091,12091,"Okaloosa County, Florida",0.4308,0.0089
0500000US12101,12101,"Pasco County, Florida",0.4414,0.0065
0500000US12103,12103,"Pinellas County, Florida",0.4736,0.0046
0500000US12113,12113,"Santa Rosa County, Florida",0.4146,0.0093
0500000US12115,12115,"Sarasota County, Florida",0.4781,0.0077
0500000US12131,12131,"Walton County, Florida",0.4832,0.0228
0500000US22001,22001,"Acadia Parish, Louisiana",0.4537,0.0151
0500000US22005,22005,"Ascension Parish, Louisiana",0.3944,0.0105
0500000US22007,22007,"Assumption Parish, Louisiana",0.4340,0.0198
0500000US22009,22009,"Avoyelles Parish, Louisiana",0.4680,0.0183
0500000US22011,22011,"Beauregard Parish, Louisiana",0.4318,0.0126
0500000US22019,22019,"Calcasieu Parish, Louisiana",0.4736,0.0104
0500000US22023,22023,"Cameron Parish, Louisiana",0.4168,0.0420
0500000US22033,22033,"East Baton Rouge Parish, Louisiana",0.4882,0.0066
0500000US22037,22037,"East Feliciana Parish, Louisiana",0.4521,0.0263
0500000US22039,22039,"Evangeline Parish, Louisiana",0.4898,0.0213
0500000US22045,22045,"Iberia Parish, Louisiana",0.4843,0.0258
0500000US22047,22047,"Iberville Parish, Louisiana",0.4839,0.0264
0500000US22051,22051,"Jefferson Parish, Louisiana",0.4697,0.0062
0500000US22053,22053,"Jefferson Davis Parish, Louisiana",0.4670,0.0193
0500000US22055,22055,"Lafayette Parish, Louisiana",0.4867,0.0089
0500000US22057,22057,"Lafourche Parish, Louisiana",0.4523,0.0159
0500000US22063,22063,"Livingston Parish, Louisiana",0.4227,0.0129
0500000US22071,22071,"Orleans Parish, Louisiana",0.5531,0.0074
0500000US22075,22075,"Plaquemines Parish, Louisiana",0.4275,0.0205
0500000US22077,22077,"Pointe Coupee Parish, Louisiana",0.4586,0.0296
0500000US22079,22079,"Rapides Parish, Louisiana",0.4771,0.0149
0500000US22085,22085,"Sabine Parish, Louisiana",0.5039,0.0230
0500000US22087,22087,"St. Bernard Parish, Louisiana",0.4322,0.0163
0500000US22089,22089,"St. Charles Parish, Louisiana",0.4115,0.0125
0500000US22091,22091,"St. Helena Parish, Louisiana",0.4971,0.0644
0500000US22093,22093,"St. James Parish, Louisiana",0.4446,0.0183
0500000US22095,22095,"St. John the Baptist Parish, Louisiana",0.4012,0.0135
0500000US22097,22097,"St. Landry Parish, Louisiana",0.4883,0.0115
0500000US22099,22099,"St. Martin Parish, Louisiana",0.4621,0.0177
0500000US22101,22101,"St. Mary Parish, Louisiana",0.4543,0.0129
0500000US22103,22103,"St. Tammany Parish, Louisiana",0.4507,0.0082
0500000US22105,22105,"Tangipahoa Parish, Louisiana",0.4686,0.0117
0500000US22109,22109,"Terrebonne Parish, Louisiana",0.4446,0.0143
0500000US22113,22113,"Vermilion Parish, Louisiana",0.4603,0.0180
0500000US22115,22115,"Vernon Parish, Louisiana",0.3976,0.0095
0500000US22117,22117,"Washington Parish, Louisiana",0.4909,0.0224
0500000US22121,22121,"West Baton Rouge Parish, Louisiana",0.4148,0.0165
0500000US22125,22125,"West Feliciana Parish, Louisiana",0.4546,0.0278
0500000US28005,28005,"Amite County, Mississippi",0.4626,0.0289
0500000US28031,28031,"Covington County, Mississippi",0.4535,0.0173
0500000US28039,28039,"George County, Mississippi",0.4277,0.0318
0500000US28045,28045,"Hancock County, Mississippi",0.4327,0.0159
0500000US28047,28047,"Harrison County, Mississippi",0.4522,0.0106
0500000US28059,28059,"Jackson County, Mississippi",0.4488,0.0155
0500000US28073,28073,"Lamar County, Mississippi",0.4723,0.0221
0500000US28091,28091,"Marion County, Mississippi",0.5027,0.0295
0500000US28109,28109,"Pearl River County, Mississippi",0.4501,0.0163
0500000US28113,28113,"Pike County, Mississippi",0.4878,0.0258
0500000US28131,28131,"Stone County, Mississippi",0.4278,0.0335
0500000US28147,28147,"Walthall County, Mississippi",0.4968,0.0260
0500000US28157,28157,"Wilkinson County, Mississippi",0.4963,0.0871
0500000US48007,48007,"Aransas County, Texas",0.4851,0.0308
0500000US48015,48015,"Austin County, Texas",0.4362,0.0216
0500000US48025,48025,"Bee County, Texas",0.4784,0.0272
0500000US48039,48039,"Brazoria County, Texas",0.4206,0.0072
0500000US48047,48047,"Brooks County, Texas",0.5250,0.0451
0500000US48057,48057,"Calhoun County, Texas",0.4301,0.0259
0500000US48061,48061,"Cameron County, Texas",0.4967,0.0075
0500000US48071,48071,"Chambers County, Texas",0.4149,0.0251
0500000US48089,48089,"Colorado County, Texas",0.4590,0.0272
0500000US48123,48123,"DeWitt County, Texas",0.4894,0.0309
0500000US48131,48131,"Duval County, Texas",0.5088,0.0572
0500000US48149,48149,"Fayette County, Texas",0.4687,0.0270
0500000US48157,48157,"Fort Bend County, Texas",0.4239,0.0059
0500000US48167,48167,"Galveston County, Texas",0.4561,0.0075
0500000US48175,48175,"Goliad County, Texas",0.4795,0.0392
0500000US48201,48201,"Harris County, Texas",0.4943,0.0024
0500000US48215,48215,"Hidalgo County, Texas",0.4897,0.0058
0500000US48239,48239,"Jackson County, Texas",0.4149,0.0194
0500000US48241,48241,"Jasper County, Texas",0.4381,0.0157
0500000US48245,48245,"Jefferson County, Texas",0.4883,0.0108
0500000US48247,48247,"Jim Hogg County, Texas",0.4623,0.0419
0500000US48249,48249,"Jim Wells County, Texas",0.4809,0.0218
0500000US48261,48261,"Kenedy County, Texas",0.3527,0.0747
0500000US48273,48273,"Kleberg County, Texas",0.4526,0.0238
0500000US48285,48285,"Lavaca County, Texas",0.4304,0.0169
0500000US48291,48291,"Liberty County, Texas",0.4295,0.0120
0500000US48297,48297,"Live Oak County, Texas",0.4214,0.0214
0500000US48321,48321,"Matagorda County, Texas",0.4806,0.0209
0500000US48351,48351,"Newton County, Texas",0.4707,0.0481
0500000US48355,48355,"Nueces County, Texas",0.4566,0.0082
0500000US48361,48361,"Orange County, Texas",0.4437,0.0134
0500000US48391,48391,"Refugio County, Texas",0.4370,0.0448
0500000US48409,48409,"San Patricio County, Texas",0.4467,0.0236
0500000US48427,48427,"Starr County, Texas",0.4933,0.0217
0500000US48457,48457,"Tyler County, Texas",0.4245,0.0203
0500000US48469,48469,"Victoria County, Texas",0.4475,0.0184
0500000US48473,48473,"Waller County, Texas",0.4625,0.0233
0500000US48477,48477,"Washington County, Texas",0.4328,0.0182
0500000US48479,48479,"Webb County, Texas",0.4616,0.0082
0500000US48481,48481,"Wharton County, Texas",0.4546,0.0157
0500000US48489,48489,"Willacy County, Texas",0.5131,0.0268
