GEO.id,GEO.id2,GEO.display-label,HD01_VD01,HD02_VD01
Id,Id2,Geography,Estimate; Gini Index,Margin of Error; Gini Index
0500000US01003,01003,"Baldwin County, Alabama",0.439,0.010
0500000US01025,01025,"Clarke County, Alabama",0.523,0.030
0500000US01053,01053,"Escambia County, Alabama",0.464,0.019
0500000US01061,01061,"Geneva County, Alabama",0.456,0.042
0500000US01097,01097,"Mobile County, Alabama",0.473,0.007
0500000US01099,01099,"Monroe County, Alabama",0.483,0.032
0500000US01129,01129,"Washington County, Alabama",0.450,0.024
0500000US12005,12005,"Bay County, Florida",0.416,0.011
0500000US12015,12015,"Charlotte County, Florida",0.432,0.014
0500000US12017,12017,"Citrus County, Florida",0.434,0.011
0500000US12021,12021,"Collier County, Florida",0.522,0.009
0500000US12033,12033,"Escambia County, Florida",0.456,0.009
0500000US12037,12037,"Franklin County, Florida",0.478,0.038
0500000US12045,12045,"Gulf County, Florida",0.419,0.035
0500000US12053,12053,"Hernando County, Florida",0.420,0.013
0500000US12057,12057,"Hillsborough County, Florida",0.467,0.005
0500000US12071,12071,"Lee County, Florida",0.471,0.007
0500000US12081,12081,"Manatee County, Florida",0.459,0.008
0500000US12091,12091,"Okaloosa County, Florida",0.430,0.012
0500000US12101,12101,"Pasco County, Florida",0.429,0.006
0500000US12103,12103,"Pinellas County, Florida",0.464,0.005
0500000US12113,12113,"Santa Rosa County, Florida",0.403,0.010
0500000US12115,12115,"Sarasota County, Florida",0.483,0.008
0500000US12131,12131,"Walton County, Florida",0.483,0.023
0500000US22001,22001,"Acadia Parish, Louisiana",0.452,0.020
0500000US22005,22005,"Ascension Parish, Louisiana",0.409,0.014
0500000US22007,22007,"Assumption Parish, Louisiana",0.419,0.022
0500000US22009,22009,"Avoyelles Parish, Louisiana",0.458,0.018
0500000US22011,22011,"Beauregard Parish, Louisiana",0.424,0.014
0500000US22019,22019,"Calcasieu Parish, Louisiana",0.468,0.012
0500000US22023,22023,"Cameron Parish, Louisiana",0.411,0.040
0500000US22033,22033,"East Baton Rouge Parish, Louisiana",0.490,0.007
0500000US22037,22037,"East Feliciana Parish, Louisiana",0.460,0.023
0500000US22039,22039,"Evangeline Parish, Louisiana",0.468,0.020
0500000US22045,22045,"Iberia Parish, Louisiana",0.459,0.021
0500000US22047,22047,"Iberville Parish, Louisiana",0.476,0.040
0500000US22051,22051,"Jefferson Parish, Louisiana",0.458,0.007
0500000US22053,22053,"Jefferson Davis Parish, Louisiana",0.431,0.018
0500000US22055,22055,"Lafayette Parish, Louisiana",0.485,0.010
0500000US22057,22057,"Lafourche Parish, Louisiana",0.461,0.017
0500000US22063,22063,"Livingston Parish, Louisiana",0.400,0.012
0500000US22071,22071,"Orleans Parish, Louisiana",0.541,0.009
0500000US22075,22075,"Plaquemines Parish, Louisiana",0.411,0.023
0500000US22077,22077,"Pointe Coupee Parish, Louisiana",0.463,0.023
0500000US22079,22079,"Rapides Parish, Louisiana",0.472,0.014
0500000US22085,22085,"Sabine Parish, Louisiana",0.492,0.026
0500000US22087,22087,"St. Bernard Parish, Louisiana",0.416,0.019
0500000US22089,22089,"St. Charles Parish, Louisiana",0.412,0.015
0500000US22091,22091,"St. Helena Parish, Louisiana",0.475,0.035
0500000US22093,22093,"St. James Parish, Louisiana",0.426,0.016
0500000US22095,22095,"St. John the Baptist Parish, Louisiana",0.421,0.018
0500000US22097,22097,"St. Landry Parish, Louisiana",0.498,0.013
0500000US22099,22099,"St. Martin Parish, Louisiana",0.456,0.023
0500000US22101,22101,"St. Mary Parish, Louisiana",0.437,0.011
0500000US22103,22103,"St. Tammany Parish, Louisiana",0.441,0.010
0500000US22105,22105,"Tangipahoa Parish, Louisiana",0.473,0.012
0500000US22109,22109,"Terrebonne Parish, Louisiana",0.449,0.012
0500000US22113,22113,"Vermilion Parish, Louisiana",0.454,0.017
0500000US22115,22115,"Vernon Parish, Louisiana",0.404,0.009
0500000US22117,22117,"Washington Parish, Louisiana",0.495,0.024
0500000US22121,22121,"West Baton Rouge Parish, Louisiana",0.421,0.017
0500000US22125,22125,"West Feliciana Parish, Louisiana",0.462,0.035
0500000US28005,28005,"Amite County, Mississippi",0.500,0.030
0500000US28031,28031,"Covington County, Mississippi",0.464,0.021
0500000US28039,28039,"George County, Mississippi",0.400,0.029
0500000US28045,28045,"Hancock County, Mississippi",0.426,0.017
0500000US28047,28047,"Harrison County, Mississippi",0.444,0.010
0500000US28059,28059,"Jackson County, Mississippi",0.441,0.016
0500000US28073,28073,"Lamar County, Mississippi",0.487,0.028
0500000US28091,28091,"Marion County, Mississippi",0.491,0.020
0500000US28109,28109,"Pearl River County, Mississippi",0.460,0.015
0500000US28113,28113,"Pike County, Mississippi",0.506,0.025
0500000US28131,28131,"Stone County, Mississippi",0.500,0.104
0500000US28147,28147,"Walthall County, Mississippi",0.462,0.025
0500000US28157,28157,"Wilkinson County, Mississippi",0.493,0.101
0500000US48007,48007,"Aransas County, Texas",0.470,0.026
0500000US48015,48015,"Austin County, Texas",0.452,0.023
0500000US48025,48025,"Bee County, Texas",0.476,0.028
0500000US48039,48039,"Brazoria County, Texas",0.416,0.008
0500000US48047,48047,"Brooks County, Texas",0.512,0.025
0500000US48057,48057,"Calhoun County, Texas",0.436,0.027
0500000US48061,48061,"Cameron County, Texas",0.492,0.008
0500000US48071,48071,"Chambers County, Texas",0.384,0.021
0500000US48089,48089,"Colorado County, Texas",0.460,0.022
0500000US48123,48123,"DeWitt County, Texas",0.444,0.021
0500000US48131,48131,"Duval County, Texas",0.467,0.035
0500000US48149,48149,"Fayette County, Texas",0.446,0.029
0500000US48157,48157,"Fort Bend County, Texas",0.425,0.006
0500000US48167,48167,"Galveston County, Texas",0.449,0.007
0500000US48175,48175,"Goliad County, Texas",0.456,0.055
0500000US48201,48201,"Harris County, Texas",0.488,0.003
0500000US48215,48215,"Hidalgo County, Texas",0.491,0.007
0500000US48239,48239,"Jackson County, Texas",0.457,0.036
0500000US48241,48241,"Jasper County, Texas",0.441,0.017
0500000US48245,48245,"Jefferson County, Texas",0.468,0.008
0500000US48247,48247,"Jim Hogg County, Texas",0.427,0.065
0500000US48249,48249,"Jim Wells County, Texas",0.452,0.018
0500000US48261,48261,"Kenedy County, Texas",0.417,0.154
0500000US48273,48273,"Kleberg County, Texas",0.493,0.028
0500000US48285,48285,"Lavaca County, Texas",0.444,0.029
0500000US48291,48291,"Liberty County, Texas",0.413,0.011
0500000US48297,48297,"Live Oak County, Texas",0.429,0.040
0500000US48321,48321,"Matagorda County, Texas",0.469,0.027
0500000US48351,48351,"Newton County, Texas",0.460,0.049
0500000US48355,48355,"Nueces County, Texas",0.472,0.009
0500000US48361,48361,"Orange County, Texas",0.432,0.014
0500000US48391,48391,"Refugio County, Texas",0.421,0.037
0500000US48409,48409,"San Patricio County, Texas",0.436,0.016
0500000US48427,48427,"Starr County, Texas",0.519,0.025
0500000US48457,48457,"Tyler County, Texas",0.443,0.027
0500000US48469,48469,"Victoria County, Texas",0.447,0.015
0500000US48473,48473,"Waller County, Texas",0.447,0.018
0500000US48477,48477,"Washington County, Texas",0.512,0.029
0500000US48479,48479,"Webb County, Texas",0.460,0.010
0500000US48481,48481,"Wharton County, Texas",0.460,0.024
0500000US48489,48489,"Willacy County, Texas",0.545,0.035
